Model,Hyperparameter Algorithm ,Metric,Metric score,Elapsed time
RF,RandomizedSearchCV,MAE,0.05077900399493385,343.8105344772339
RF,RandomizedSearchCV,MSE,0.010004352473810601,343.8105344772339
RF,RandomizedSearchCV,R2,0.8691937875630538,343.8105344772339
DT,RandomizedSearchCV,MAE,0.07509817815142035,1.3428056240081787
DT,RandomizedSearchCV,MSE,0.02126125085786887,1.3428056240081787
DT,RandomizedSearchCV,R2,0.7214697417885335,1.3428056240081787
KNN,RandomizedSearchCV,MAE,0.05459597271461125,16.017105102539062
KNN,RandomizedSearchCV,MSE,0.01304302849364751,16.017105102539062
KNN,RandomizedSearchCV,R2,0.8295133215855055,16.017105102539062
RF,GridSearchCV,MAE,0.05459597271461125,7045.012882232666
RF,GridSearchCV,MSE,0.01304302849364751,7045.012882232666
RF,GridSearchCV,R2,0.8295133215855055,7045.012882232666
DT,GridSearchCV,MAE,0.05459597271461125,84.33906841278076
DT,GridSearchCV,MSE,0.01304302849364751,84.33906841278076
DT,GridSearchCV,R2,0.8295133215855055,84.33906841278076
KNN,GridSearchCV,MAE,0.05459597271461125,82.78486132621765
KNN,GridSearchCV,MSE,0.01304302849364751,82.78486132621765
KNN,GridSearchCV,R2,0.8295133215855055,82.78486132621765
RF,BAYESIAN OPTIMIZATION,MAE,0.05394759166004529,3704.3014340400696
RF,BAYESIAN OPTIMIZATION,MSE,0.0104729838501219,3704.3014340400696
RF,BAYESIAN OPTIMIZATION,R2,0.8630212431480079,3704.3014340400696
DT,BAYESIAN OPTIMIZATION,MAE,0.05076268802075988,16.42707633972168
DT,BAYESIAN OPTIMIZATION,MSE,0.019644597296926976,16.42707633972168
DT,BAYESIAN OPTIMIZATION,R2,0.7427265923809694,16.42707633972168
KNN,BAYESIAN OPTIMIZATION,MAE,0.07649752622037317,28.76109290122986
KNN,BAYESIAN OPTIMIZATION,MSE,0.01655144160680578,28.76109290122986
KNN,BAYESIAN OPTIMIZATION,R2,0.783426011346166,28.76109290122986
RF,GASearchCV,MAE,0.0510646371485119,2979.455305337906
RF,GASearchCV,MSE,0.010050067291758117,2979.455305337906
RF,GASearchCV,R2,0.8685909984547717,2979.455305337906
DT,GASearchCV,MAE,0.053936368881033925,30.59419274330139
DT,GASearchCV,MSE,0.0182552149543231,30.59419274330139
DT,GASearchCV,R2,0.7609121132251048,30.59419274330139
KNN,GASearchCV,MAE,0.05275521126880642,379.1980690956116
KNN,GASearchCV,MSE,0.013085072676160119,379.1980690956116
KNN,GASearchCV,R2,0.8290111671915426,379.1980690956116
