Model,Hyperparameter Algorithm ,Metric,Metric score,Elapsed time
RF,RandomizedSearchCV,MAE,0.047447428145202475,402.78505969047546
RF,RandomizedSearchCV,MSE,0.008859136187890734,402.78505969047546
RF,RandomizedSearchCV,R2,0.8843090617857681,402.78505969047546
DT,RandomizedSearchCV,MAE,0.06088186715758975,1.1773979663848877
DT,RandomizedSearchCV,MSE,0.018862605440854118,1.1773979663848877
DT,RandomizedSearchCV,R2,0.7534701833496718,1.1773979663848877
KNN,RandomizedSearchCV,MAE,0.05337985480806716,9.340118408203125
KNN,RandomizedSearchCV,MSE,0.012475251837882447,9.340118408203125
KNN,RandomizedSearchCV,R2,0.8370568145312975,9.340118408203125
RF,GridSearchCV,MAE,0.05337985480806716,5804.1141448020935
RF,GridSearchCV,MSE,0.012475251837882447,5804.1141448020935
RF,GridSearchCV,R2,0.8370568145312975,5804.1141448020935
DT,GridSearchCV,MAE,0.05337985480806716,66.11146593093872
DT,GridSearchCV,MSE,0.012475251837882447,66.11146593093872
DT,GridSearchCV,R2,0.8370568145312975,66.11146593093872
KNN,GridSearchCV,MAE,0.05337985480806716,51.14863348007202
KNN,GridSearchCV,MSE,0.012475251837882447,51.14863348007202
KNN,GridSearchCV,R2,0.8370568145312975,51.14863348007202
RF,BAYESIAN OPTIMIZATION,MAE,0.049481508052246714,930.4566311836243
RF,BAYESIAN OPTIMIZATION,MSE,0.00915732315797107,930.4566311836243
RF,BAYESIAN OPTIMIZATION,R2,0.88035754468718,930.4566311836243
DT,BAYESIAN OPTIMIZATION,MAE,0.12083194466816483,1.7998011112213135
DT,BAYESIAN OPTIMIZATION,MSE,0.03187768243294216,1.7998011112213135
DT,BAYESIAN OPTIMIZATION,R2,0.5813809119849827,1.7998011112213135
KNN,BAYESIAN OPTIMIZATION,MAE,0.06803736255499465,14.825761079788208
KNN,BAYESIAN OPTIMIZATION,MSE,0.01423215020456799,14.825761079788208
KNN,BAYESIAN OPTIMIZATION,R2,0.8139677080640597,14.825761079788208
RF,GASearchCV,MAE,0.047336484915735375,2043.4042115211487
RF,GASearchCV,MSE,0.008871959091306812,2043.4042115211487
RF,GASearchCV,R2,0.884133054631475,2043.4042115211487
DT,GASearchCV,MAE,0.047850604442733646,40.81583833694458
DT,GASearchCV,MSE,0.016291537116574818,40.81583833694458
DT,GASearchCV,R2,0.7869743496518347,40.81583833694458
KNN,GASearchCV,MAE,0.05115090510269449,374.9284472465515
KNN,GASearchCV,MSE,0.012463648258578364,374.9284472465515
KNN,GASearchCV,R2,0.837248833314442,374.9284472465515
