Model,Metric,Adjusted Score
Conv1D&SimpleRNN&LSTM&GRU,MAE,0.006486684910940284
Conv1D&SimpleRNN&LSTM&GRU,MSE,0.002043094009875774
Conv1D&SimpleRNN&LSTM&GRU,R2,-466.7999112315206
Conv1d+LSTM+GRU,MAE,0.006586745743999198
Conv1d+LSTM+GRU,MSE,0.003384193689247489
Conv1d+LSTM+GRU,R2,-668.7737173266418
DummyRegressor,MAE,0.006715042332112525
DummyRegressor,MSE,0.0021785026631581457
DummyRegressor,R2,-918.0039253981589
SimpleRNN+LSTM+GRU,MAE,0.006385777623035415
SimpleRNN+LSTM+GRU,MSE,0.0020978993388812545
SimpleRNN+LSTM+GRU,R2,-394.65846785150825
SimpleRNN+LSTM+GRU_many_to_many,MAE,0.00747438799460914
SimpleRNN+LSTM+GRU_many_to_many,MSE,0.003635018114883929
SimpleRNN+LSTM+GRU_many_to_many,R2,-613.6720423190645
tanh_Conv1D+RNN+LSTM+GRU,MAE,0.006661124649209126
tanh_Conv1D+RNN+LSTM+GRU,MSE,0.0021543532466470837
tanh_Conv1D+RNN+LSTM+GRU,R2,-641.230371264176
