Model,Ispitanik,Metric,Length of Test,Metric score
DummyRegressor,1,MAE,910,0.28567863890660544
DummyRegressor,1,MSE,910,0.08267990029636692
DummyRegressor,1,R2,910,-332.50189856853956
DummyRegressor,2,MAE,1513,0.31434449219989213
DummyRegressor,2,MSE,1513,0.10485632022093176
DummyRegressor,2,R2,1513,-10.5281118956382
DummyRegressor,3,MAE,1635,0.3332986248028946
DummyRegressor,3,MSE,1635,0.11885257443580524
DummyRegressor,3,R2,1635,-13.107365654018418
DummyRegressor,4,MAE,830,0.179793128398196
DummyRegressor,4,MSE,830,0.04645136096136969
DummyRegressor,4,R2,830,-0.5322345942125593
DummyRegressor,5,MAE,1105,0.16744914964786634
DummyRegressor,5,MSE,1105,0.04715739232077943
DummyRegressor,5,R2,1105,-0.30343306477150866
DummyRegressor,6,MAE,1678,0.1895433470435362
DummyRegressor,6,MSE,1678,0.04990450242776917
DummyRegressor,6,R2,1678,-0.004590362446279861
DummyRegressor,7,MAE,1684,0.23225394667244767
DummyRegressor,7,MSE,1684,0.06103947832001265
DummyRegressor,7,R2,1684,-309.1498107513784
DummyRegressor,8,MAE,785,0.2418502169629548
DummyRegressor,8,MSE,785,0.06400420978418936
DummyRegressor,8,R2,785,-5.553570399538785
DummyRegressor,9,MAE,830,0.42961284776777375
DummyRegressor,9,MSE,830,0.18480050095677433
DummyRegressor,9,R2,830,-28793.143123074333
DummyRegressor,10,MAE,1615,0.23152490946876408
DummyRegressor,10,MSE,1615,0.05828798903216236
DummyRegressor,10,R2,1615,-0.7645156465172231
DummyRegressor,11,MAE,1623,0.07911759833837065
DummyRegressor,11,MSE,1623,0.00912046530086844
DummyRegressor,11,R2,1623,-0.2219509090874433
DummyRegressor,12,MAE,831,0.2685766986803273
DummyRegressor,12,MSE,831,0.0748790210962995
DummyRegressor,12,R2,831,-5.171146807604297
DummyRegressor,13,MAE,1229,0.35910048934753686
DummyRegressor,13,MSE,1229,0.1364998739865595
DummyRegressor,13,R2,1229,-4.044922496642981
DummyRegressor,14,MAE,1644,0.2243159517019522
DummyRegressor,14,MSE,1644,0.06758354171277636
DummyRegressor,14,R2,1644,-4.842804353549
DummyRegressor,15,MAE,1665,0.23571734348669515
DummyRegressor,15,MSE,1665,0.07384056180052956
DummyRegressor,15,R2,1665,-0.22970871909285573
DummyRegressor,16,MAE,658,0.4313836511323822
DummyRegressor,16,MSE,658,0.1863408993393668
DummyRegressor,16,R2,658,-1466005.7235780244
DummyRegressor,17,MAE,1650,0.2068710754406497
DummyRegressor,17,MSE,1650,0.055939251052177806
DummyRegressor,17,R2,1650,-0.30483665467332144
DummyRegressor,18,MAE,914,0.33919004310008294
DummyRegressor,18,MSE,914,0.12902970425985114
DummyRegressor,18,R2,914,-6.675681749550577
DummyRegressor,19,MAE,1692,0.23723620247937527
DummyRegressor,19,MSE,1692,0.0655715889708216
DummyRegressor,19,R2,1692,-1.9112701262425533
DummyRegressor,20,MAE,1641,0.39189415892217627
DummyRegressor,20,MSE,1641,0.15844961577876154
DummyRegressor,20,R2,1641,-9.505277491814082
DummyRegressor,21,MAE,1643,0.20232041202514192
DummyRegressor,21,MSE,1643,0.0578701896861785
DummyRegressor,21,R2,1643,-4.639761203666409
DummyRegressor,22,MAE,1496,0.27219247021253656
DummyRegressor,22,MSE,1496,0.08472245078660015
DummyRegressor,22,R2,1496,-0.10254433032827803
DummyRegressor,23,MAE,1613,0.15888778834728268
DummyRegressor,23,MSE,1613,0.030962405575332544
DummyRegressor,23,R2,1613,-0.036549677182455054
DummyRegressor,24,MAE,1675,0.24291972134278253
DummyRegressor,24,MSE,1675,0.0769194924133429
DummyRegressor,24,R2,1675,-0.7580644478520798
DummyRegressor,25,MAE,1549,0.045662216574010275
DummyRegressor,25,MSE,1549,0.004615025414814261
DummyRegressor,25,R2,1549,-0.2998639587352314
DummyRegressor,26,MAE,1642,0.2147811295968604
DummyRegressor,26,MSE,1642,0.06264974734797848
DummyRegressor,26,R2,1642,-0.12009002979924943
DummyRegressor,27,MAE,1651,0.29470213883414675
DummyRegressor,27,MSE,1651,0.09973609344875203
DummyRegressor,27,R2,1651,-277.5643401457219
DummyRegressor,28,MAE,1472,0.16831461293313923
DummyRegressor,28,MSE,1472,0.042574826185941134
DummyRegressor,28,R2,1472,-0.9544521380491205
DummyRegressor,29,MAE,1665,0.2794716500643173
DummyRegressor,29,MSE,1665,0.09146835106079138
DummyRegressor,29,R2,1665,-5.202804021506645
DummyRegressor,30,MAE,492,0.23605574607994875
DummyRegressor,30,MSE,492,0.07181763818626828
DummyRegressor,30,R2,492,-0.6825288480813616
DummyRegressor,31,MAE,845,0.25539427116496843
DummyRegressor,31,MSE,845,0.06910031174852758
DummyRegressor,31,R2,845,-3.646977565749838
DummyRegressor,32,MAE,1642,0.21545717259230857
DummyRegressor,32,MSE,1642,0.06016445689171755
DummyRegressor,32,R2,1642,-2.538436392555396
DummyRegressor,33,MAE,1656,0.3894536217568557
DummyRegressor,33,MSE,1656,0.15770125904440135
DummyRegressor,33,R2,1656,-22.226056745922293
DummyRegressor,34,MAE,1657,0.3609251147701632
DummyRegressor,34,MSE,1657,0.14243340260560167
DummyRegressor,34,R2,1657,-232116.71472066283
DummyRegressor,35,MAE,406,0.3356561387891383
DummyRegressor,35,MSE,406,0.11774684882563718
DummyRegressor,35,R2,406,-6.441254877678585
DummyRegressor,36,MAE,1620,0.2584350042550759
DummyRegressor,36,MSE,1620,0.08595824635393044
DummyRegressor,36,R2,1620,-0.531385443323017
DummyRegressor,37,MAE,1635,0.3201636196618485
DummyRegressor,37,MSE,1635,0.11382344781761353
DummyRegressor,37,R2,1635,-271873.1931878822
DummyRegressor,38,MAE,1664,0.29889224715625146
DummyRegressor,38,MSE,1664,0.10735885218586538
DummyRegressor,38,R2,1664,-172.09348520360425
SimpleRNN+LSTM+GRU,1,MAE,907,0.3539078471963911
SimpleRNN+LSTM+GRU,1,MSE,907,0.1305232668229564
SimpleRNN+LSTM+GRU,1,R2,907,-563.0414637628893
SimpleRNN+LSTM+GRU,2,MAE,1510,0.22353136558839923
SimpleRNN+LSTM+GRU,2,MSE,1510,0.051141326986982386
SimpleRNN+LSTM+GRU,2,R2,1510,-4.659695573602319
SimpleRNN+LSTM+GRU,3,MAE,1632,0.24111302217327346
SimpleRNN+LSTM+GRU,3,MSE,1632,0.06995930274852524
SimpleRNN+LSTM+GRU,3,R2,1632,-3.894003271075718
SimpleRNN+LSTM+GRU,4,MAE,827,0.1730701218633062
SimpleRNN+LSTM+GRU,4,MSE,827,0.042073152701858865
SimpleRNN+LSTM+GRU,4,R2,827,-0.5421567931657839
SimpleRNN+LSTM+GRU,5,MAE,1102,0.14100095665806026
SimpleRNN+LSTM+GRU,5,MSE,1102,0.03625915022068217
SimpleRNN+LSTM+GRU,5,R2,1102,-0.11722675086320944
SimpleRNN+LSTM+GRU,6,MAE,1675,0.213364004300729
SimpleRNN+LSTM+GRU,6,MSE,1675,0.07577895494997981
SimpleRNN+LSTM+GRU,6,R2,1675,-0.3398212595514032
SimpleRNN+LSTM+GRU,7,MAE,1681,0.3449345479378628
SimpleRNN+LSTM+GRU,7,MSE,1681,0.15130143538256602
SimpleRNN+LSTM+GRU,7,R2,1681,-1141.4607839544356
SimpleRNN+LSTM+GRU,8,MAE,782,0.2289471889451804
SimpleRNN+LSTM+GRU,8,MSE,782,0.05578276504028716
SimpleRNN+LSTM+GRU,8,R2,782,-4.809579290524766
SimpleRNN+LSTM+GRU,9,MAE,827,0.36535297099487385
SimpleRNN+LSTM+GRU,9,MSE,827,0.1394059924495414
SimpleRNN+LSTM+GRU,9,R2,827,-13177.255640966468
SimpleRNN+LSTM+GRU,10,MAE,1612,0.30766248105975
SimpleRNN+LSTM+GRU,10,MSE,1612,0.12150081351490126
SimpleRNN+LSTM+GRU,10,R2,1612,-1.9213166262346617
SimpleRNN+LSTM+GRU,11,MAE,1620,0.1195524490703947
SimpleRNN+LSTM+GRU,11,MSE,1620,0.01773460033328881
SimpleRNN+LSTM+GRU,11,R2,1620,-2.167519511532877
SimpleRNN+LSTM+GRU,12,MAE,828,0.30443226622557473
SimpleRNN+LSTM+GRU,12,MSE,828,0.09563781420414012
SimpleRNN+LSTM+GRU,12,R2,828,-7.8705986633599565
SimpleRNN+LSTM+GRU,13,MAE,1226,0.26645372908492726
SimpleRNN+LSTM+GRU,13,MSE,1226,0.08288718704552238
SimpleRNN+LSTM+GRU,13,R2,1226,-2.085043511462016
SimpleRNN+LSTM+GRU,14,MAE,1641,0.10608795512616509
SimpleRNN+LSTM+GRU,14,MSE,1641,0.01672928690634508
SimpleRNN+LSTM+GRU,14,R2,1641,-0.09746583351539062
SimpleRNN+LSTM+GRU,15,MAE,1662,0.2569220676678724
SimpleRNN+LSTM+GRU,15,MSE,1662,0.08545411252771046
SimpleRNN+LSTM+GRU,15,R2,1662,-0.4107693334505048
SimpleRNN+LSTM+GRU,16,MAE,655,0.3785057806227181
SimpleRNN+LSTM+GRU,16,MSE,655,0.1513622808688807
SimpleRNN+LSTM+GRU,16,R2,655,-856844.7051052281
SimpleRNN+LSTM+GRU,17,MAE,1647,0.22029592315362695
SimpleRNN+LSTM+GRU,17,MSE,1647,0.07028856687606078
SimpleRNN+LSTM+GRU,17,R2,1647,-0.6829105837322181
SimpleRNN+LSTM+GRU,18,MAE,911,0.29165468151265583
SimpleRNN+LSTM+GRU,18,MSE,911,0.102207837016752
SimpleRNN+LSTM+GRU,18,R2,911,-3.8084343859590173
SimpleRNN+LSTM+GRU,19,MAE,1689,0.3161395828861178
SimpleRNN+LSTM+GRU,19,MSE,1689,0.11775287090987127
SimpleRNN+LSTM+GRU,19,R2,1689,-5.557157596717486
SimpleRNN+LSTM+GRU,20,MAE,1638,0.3103471171131304
SimpleRNN+LSTM+GRU,20,MSE,1638,0.12182141454086164
SimpleRNN+LSTM+GRU,20,R2,1638,-4.32153906568797
SimpleRNN+LSTM+GRU,21,MAE,1640,0.3216255266525552
SimpleRNN+LSTM+GRU,21,MSE,1640,0.11490838071300942
SimpleRNN+LSTM+GRU,21,R2,1640,-10.035603254360112
SimpleRNN+LSTM+GRU,22,MAE,1493,0.25383987702784566
SimpleRNN+LSTM+GRU,22,MSE,1493,0.08662579432854538
SimpleRNN+LSTM+GRU,22,R2,1493,-0.10982333550169221
SimpleRNN+LSTM+GRU,23,MAE,1610,0.17391785255920145
SimpleRNN+LSTM+GRU,23,MSE,1610,0.042640650858369315
SimpleRNN+LSTM+GRU,23,R2,1610,-0.3491302127804692
SimpleRNN+LSTM+GRU,24,MAE,1672,0.2928017811259352
SimpleRNN+LSTM+GRU,24,MSE,1672,0.11732579672271624
SimpleRNN+LSTM+GRU,24,R2,1672,-1.6019326283566575
SimpleRNN+LSTM+GRU,25,MAE,1546,0.10117788157104783
SimpleRNN+LSTM+GRU,25,MSE,1546,0.013055328674497876
SimpleRNN+LSTM+GRU,25,R2,1546,-2.9496006600575666
SimpleRNN+LSTM+GRU,26,MAE,1639,0.2089710753012081
SimpleRNN+LSTM+GRU,26,MSE,1639,0.0646740375124258
SimpleRNN+LSTM+GRU,26,R2,1639,-0.18517539930842508
SimpleRNN+LSTM+GRU,27,MAE,1648,0.19085624397077294
SimpleRNN+LSTM+GRU,27,MSE,1648,0.04135708492873716
SimpleRNN+LSTM+GRU,27,R2,1648,-38.645685465814914
SimpleRNN+LSTM+GRU,28,MAE,1469,0.2922957150018469
SimpleRNN+LSTM+GRU,28,MSE,1469,0.12518660008128749
SimpleRNN+LSTM+GRU,28,R2,1469,-4.305784178985243
SimpleRNN+LSTM+GRU,29,MAE,1662,0.2355214938434228
SimpleRNN+LSTM+GRU,29,MSE,1662,0.07499311000332322
SimpleRNN+LSTM+GRU,29,R2,1662,-4.589393849077625
SimpleRNN+LSTM+GRU,30,MAE,489,0.22945095494352508
SimpleRNN+LSTM+GRU,30,MSE,489,0.06782419483832465
SimpleRNN+LSTM+GRU,30,R2,489,-0.5711648401118765
SimpleRNN+LSTM+GRU,31,MAE,842,0.24718942121532167
SimpleRNN+LSTM+GRU,31,MSE,842,0.06831610513243036
SimpleRNN+LSTM+GRU,31,R2,842,-3.447519804859613
SimpleRNN+LSTM+GRU,32,MAE,1639,0.17159369949924935
SimpleRNN+LSTM+GRU,32,MSE,1639,0.04213144930837909
SimpleRNN+LSTM+GRU,32,R2,1639,-1.336063758603491
SimpleRNN+LSTM+GRU,33,MAE,1653,0.3246738814343577
SimpleRNN+LSTM+GRU,33,MSE,1653,0.12474403381455615
SimpleRNN+LSTM+GRU,33,R2,1653,-10.343090194133238
SimpleRNN+LSTM+GRU,34,MAE,1654,0.29983325241928876
SimpleRNN+LSTM+GRU,34,MSE,1654,0.11052212420118138
SimpleRNN+LSTM+GRU,34,R2,1654,-79938.37481592901
SimpleRNN+LSTM+GRU,35,MAE,403,0.3121364546323651
SimpleRNN+LSTM+GRU,35,MSE,403,0.10104906430027197
SimpleRNN+LSTM+GRU,35,R2,403,-5.248662861662486
SimpleRNN+LSTM+GRU,36,MAE,1617,0.2112482089295709
SimpleRNN+LSTM+GRU,36,MSE,1617,0.06014798323656145
SimpleRNN+LSTM+GRU,36,R2,1617,-0.026122994616250894
SimpleRNN+LSTM+GRU,37,MAE,1632,0.22310084171152067
SimpleRNN+LSTM+GRU,37,MSE,1632,0.06001170101346441
SimpleRNN+LSTM+GRU,37,R2,1632,-45016.99774839658
SimpleRNN+LSTM+GRU,38,MAE,1661,0.17767952276803284
SimpleRNN+LSTM+GRU,38,MSE,1661,0.04366949651216985
SimpleRNN+LSTM+GRU,38,R2,1661,-18.648746414257815
SimpleRNN+LSTM+GRU_many_to_many,1,MAE,906,1.103960865724082
SimpleRNN+LSTM+GRU_many_to_many,1,MSE,906,2.1126847014887145
SimpleRNN+LSTM+GRU_many_to_many,1,R2,906,-8360.261152541367
SimpleRNN+LSTM+GRU_many_to_many,2,MAE,1509,0.6219697314756389
SimpleRNN+LSTM+GRU_many_to_many,2,MSE,1509,0.5757035624269378
SimpleRNN+LSTM+GRU_many_to_many,2,R2,1509,-62.635991644281546
SimpleRNN+LSTM+GRU_many_to_many,3,MAE,1631,0.342057289118306
SimpleRNN+LSTM+GRU_many_to_many,3,MSE,1631,0.15755242679812562
SimpleRNN+LSTM+GRU_many_to_many,3,R2,1631,-9.705046779743832
SimpleRNN+LSTM+GRU_many_to_many,4,MAE,826,0.2647632214587448
SimpleRNN+LSTM+GRU_many_to_many,4,MSE,826,0.1194875802024636
SimpleRNN+LSTM+GRU_many_to_many,4,R2,826,-4.259415909925539
SimpleRNN+LSTM+GRU_many_to_many,5,MAE,1101,0.2540259195858672
SimpleRNN+LSTM+GRU_many_to_many,5,MSE,1101,0.10718439597155613
SimpleRNN+LSTM+GRU_many_to_many,5,R2,1101,-6.979806154958329
SimpleRNN+LSTM+GRU_many_to_many,6,MAE,1674,0.31513696570601113
SimpleRNN+LSTM+GRU_many_to_many,6,MSE,1674,0.1491801478618236
SimpleRNN+LSTM+GRU_many_to_many,6,R2,1674,-2.2329959918584827
SimpleRNN+LSTM+GRU_many_to_many,7,MAE,1680,0.2874047077341761
SimpleRNN+LSTM+GRU_many_to_many,7,MSE,1680,0.10259242165969457
SimpleRNN+LSTM+GRU_many_to_many,7,R2,1680,-744.0739455751356
SimpleRNN+LSTM+GRU_many_to_many,8,MAE,781,0.22461188014843964
SimpleRNN+LSTM+GRU_many_to_many,8,MSE,781,0.0548502371339085
SimpleRNN+LSTM+GRU_many_to_many,8,R2,781,-4.801320794051687
SimpleRNN+LSTM+GRU_many_to_many,9,MAE,826,0.3978056757906604
SimpleRNN+LSTM+GRU_many_to_many,9,MSE,826,0.16314588830949975
SimpleRNN+LSTM+GRU_many_to_many,9,R2,826,-16882.515513497783
SimpleRNN+LSTM+GRU_many_to_many,10,MAE,1611,0.23621203829475618
SimpleRNN+LSTM+GRU_many_to_many,10,MSE,1611,0.062150193319366415
SimpleRNN+LSTM+GRU_many_to_many,10,R2,1611,-0.6310188944301904
SimpleRNN+LSTM+GRU_many_to_many,11,MAE,1619,0.11011669214691155
SimpleRNN+LSTM+GRU_many_to_many,11,MSE,1619,0.015733248571649122
SimpleRNN+LSTM+GRU_many_to_many,11,R2,1619,-1.5882963737718292
SimpleRNN+LSTM+GRU_many_to_many,12,MAE,827,0.2923407723475999
SimpleRNN+LSTM+GRU_many_to_many,12,MSE,827,0.09174162477194286
SimpleRNN+LSTM+GRU_many_to_many,12,R2,827,-9.375124884362107
SimpleRNN+LSTM+GRU_many_to_many,13,MAE,1225,0.33987794443730085
SimpleRNN+LSTM+GRU_many_to_many,13,MSE,1225,0.12916659119384505
SimpleRNN+LSTM+GRU_many_to_many,13,R2,1225,-3.79869060546362
SimpleRNN+LSTM+GRU_many_to_many,14,MAE,1640,0.16937270315556435
SimpleRNN+LSTM+GRU_many_to_many,14,MSE,1640,0.03755658315169848
SimpleRNN+LSTM+GRU_many_to_many,14,R2,1640,-2.085386188629972
SimpleRNN+LSTM+GRU_many_to_many,15,MAE,1661,0.23835587177879416
SimpleRNN+LSTM+GRU_many_to_many,15,MSE,1661,0.07614378785696738
SimpleRNN+LSTM+GRU_many_to_many,15,R2,1661,-0.2564684843529974
SimpleRNN+LSTM+GRU_many_to_many,16,MAE,654,0.41280412004942
SimpleRNN+LSTM+GRU_many_to_many,16,MSE,654,0.17698839554191584
SimpleRNN+LSTM+GRU_many_to_many,16,R2,654,-1053781.9122284898
SimpleRNN+LSTM+GRU_many_to_many,17,MAE,1646,0.17950719002509286
SimpleRNN+LSTM+GRU_many_to_many,17,MSE,1646,0.043856439167267294
SimpleRNN+LSTM+GRU_many_to_many,17,R2,1646,-0.03324092137752349
SimpleRNN+LSTM+GRU_many_to_many,18,MAE,910,0.31684663892636833
SimpleRNN+LSTM+GRU_many_to_many,18,MSE,910,0.11914707440716393
SimpleRNN+LSTM+GRU_many_to_many,18,R2,910,-5.063106505554675
SimpleRNN+LSTM+GRU_many_to_many,19,MAE,1688,0.25953852133425165
SimpleRNN+LSTM+GRU_many_to_many,19,MSE,1688,0.0786245399647356
SimpleRNN+LSTM+GRU_many_to_many,19,R2,1688,-3.1739797735473414
SimpleRNN+LSTM+GRU_many_to_many,20,MAE,1637,0.3676038358584277
SimpleRNN+LSTM+GRU_many_to_many,20,MSE,1637,0.1457021741748038
SimpleRNN+LSTM+GRU_many_to_many,20,R2,1637,-6.955522227269114
SimpleRNN+LSTM+GRU_many_to_many,21,MAE,1639,0.26528982583885335
SimpleRNN+LSTM+GRU_many_to_many,21,MSE,1639,0.08840403097724286
SimpleRNN+LSTM+GRU_many_to_many,21,R2,1639,-7.609879240800548
SimpleRNN+LSTM+GRU_many_to_many,22,MAE,1492,0.2604045299604545
SimpleRNN+LSTM+GRU_many_to_many,22,MSE,1492,0.07674186864105845
SimpleRNN+LSTM+GRU_many_to_many,22,R2,1492,-0.0029508308126389715
SimpleRNN+LSTM+GRU_many_to_many,23,MAE,1609,0.1650378915519798
SimpleRNN+LSTM+GRU_many_to_many,23,MSE,1609,0.03659858595280903
SimpleRNN+LSTM+GRU_many_to_many,23,R2,1609,-0.18173228555391413
SimpleRNN+LSTM+GRU_many_to_many,24,MAE,1671,0.26771615883229155
SimpleRNN+LSTM+GRU_many_to_many,24,MSE,1671,0.09032611372197143
SimpleRNN+LSTM+GRU_many_to_many,24,R2,1671,-1.1784881769623399
SimpleRNN+LSTM+GRU_many_to_many,25,MAE,1545,0.09017260174072637
SimpleRNN+LSTM+GRU_many_to_many,25,MSE,1545,0.041361121553620116
SimpleRNN+LSTM+GRU_many_to_many,25,R2,1545,-11.801472194722018
SimpleRNN+LSTM+GRU_many_to_many,26,MAE,1638,0.20509370128100265
SimpleRNN+LSTM+GRU_many_to_many,26,MSE,1638,0.059406414744283036
SimpleRNN+LSTM+GRU_many_to_many,26,R2,1638,-0.09716330105590171
SimpleRNN+LSTM+GRU_many_to_many,27,MAE,1647,0.2776788917345655
SimpleRNN+LSTM+GRU_many_to_many,27,MSE,1647,0.08024237744922688
SimpleRNN+LSTM+GRU_many_to_many,27,R2,1647,-172.71378355261174
SimpleRNN+LSTM+GRU_many_to_many,28,MAE,1468,0.22854832862097552
SimpleRNN+LSTM+GRU_many_to_many,28,MSE,1468,0.0686380032859065
SimpleRNN+LSTM+GRU_many_to_many,28,R2,1468,-2.059686729058466
SimpleRNN+LSTM+GRU_many_to_many,29,MAE,1661,0.276576981125161
SimpleRNN+LSTM+GRU_many_to_many,29,MSE,1661,0.0985623057511999
SimpleRNN+LSTM+GRU_many_to_many,29,R2,1661,-6.203282339674989
SimpleRNN+LSTM+GRU_many_to_many,30,MAE,488,0.22370846280449824
SimpleRNN+LSTM+GRU_many_to_many,30,MSE,488,0.0648127888679408
SimpleRNN+LSTM+GRU_many_to_many,30,R2,488,-0.4937303287991906
SimpleRNN+LSTM+GRU_many_to_many,31,MAE,841,0.25931423364301803
SimpleRNN+LSTM+GRU_many_to_many,31,MSE,841,0.0795337151543569
SimpleRNN+LSTM+GRU_many_to_many,31,R2,841,-4.083426880616047
SimpleRNN+LSTM+GRU_many_to_many,32,MAE,1638,0.15678257036835141
SimpleRNN+LSTM+GRU_many_to_many,32,MSE,1638,0.034819635005015434
SimpleRNN+LSTM+GRU_many_to_many,32,R2,1638,-1.0330449756018383
SimpleRNN+LSTM+GRU_many_to_many,33,MAE,1652,0.3684823685326172
SimpleRNN+LSTM+GRU_many_to_many,33,MSE,1652,0.14822596633857527
SimpleRNN+LSTM+GRU_many_to_many,33,R2,1652,-15.875620299643277
SimpleRNN+LSTM+GRU_many_to_many,34,MAE,1653,0.33687885188510913
SimpleRNN+LSTM+GRU_many_to_many,34,MSE,1653,0.13013079629991442
SimpleRNN+LSTM+GRU_many_to_many,34,R2,1653,-140673.40050244797
SimpleRNN+LSTM+GRU_many_to_many,35,MAE,402,0.3335625856515077
SimpleRNN+LSTM+GRU_many_to_many,35,MSE,402,0.1148343647464001
SimpleRNN+LSTM+GRU_many_to_many,35,R2,402,-6.0966326489117755
SimpleRNN+LSTM+GRU_many_to_many,36,MAE,1616,0.232450261415773
SimpleRNN+LSTM+GRU_many_to_many,36,MSE,1616,0.07209239473306388
SimpleRNN+LSTM+GRU_many_to_many,36,R2,1616,-0.25022911379600404
SimpleRNN+LSTM+GRU_many_to_many,37,MAE,1631,0.2985867429316944
SimpleRNN+LSTM+GRU_many_to_many,37,MSE,1631,0.09592002631091087
SimpleRNN+LSTM+GRU_many_to_many,37,R2,1631,-164009.7932027517
SimpleRNN+LSTM+GRU_many_to_many,38,MAE,1660,0.28100543954309876
SimpleRNN+LSTM+GRU_many_to_many,38,MSE,1660,0.09034631522590143
SimpleRNN+LSTM+GRU_many_to_many,38,R2,1660,-105.05426511858212
Conv1D&SimpleRNN&LSTM&GRU,1,MAE,907,0.24213407045174634
Conv1D&SimpleRNN&LSTM&GRU,1,MSE,907,0.06874544479954017
Conv1D&SimpleRNN&LSTM&GRU,1,R2,907,-297.07095109095445
Conv1D&SimpleRNN&LSTM&GRU,2,MAE,1510,0.2776612366981336
Conv1D&SimpleRNN&LSTM&GRU,2,MSE,1510,0.07808612789915775
Conv1D&SimpleRNN&LSTM&GRU,2,R2,1510,-7.643061628786186
Conv1D&SimpleRNN&LSTM&GRU,3,MAE,1632,0.2745591622542994
Conv1D&SimpleRNN&LSTM&GRU,3,MSE,1632,0.08167460548129635
Conv1D&SimpleRNN&LSTM&GRU,3,R2,1632,-5.9893607532544895
Conv1D&SimpleRNN&LSTM&GRU,4,MAE,827,0.1714592156935633
Conv1D&SimpleRNN&LSTM&GRU,4,MSE,827,0.04140260240362727
Conv1D&SimpleRNN&LSTM&GRU,4,R2,827,-0.5102225685438899
Conv1D&SimpleRNN&LSTM&GRU,5,MAE,1102,0.15033826781242257
Conv1D&SimpleRNN&LSTM&GRU,5,MSE,1102,0.034890268199678894
Conv1D&SimpleRNN&LSTM&GRU,5,R2,1102,-0.12252368899148791
Conv1D&SimpleRNN&LSTM&GRU,6,MAE,1675,0.2045191290309245
Conv1D&SimpleRNN&LSTM&GRU,6,MSE,1675,0.0624111915496954
Conv1D&SimpleRNN&LSTM&GRU,6,R2,1675,-0.22121743727860388
Conv1D&SimpleRNN&LSTM&GRU,7,MAE,1681,0.29191103354222037
Conv1D&SimpleRNN&LSTM&GRU,7,MSE,1681,0.10807725738603363
Conv1D&SimpleRNN&LSTM&GRU,7,R2,1681,-803.3655753033142
Conv1D&SimpleRNN&LSTM&GRU,8,MAE,782,0.2279737673552221
Conv1D&SimpleRNN&LSTM&GRU,8,MSE,782,0.05690075992297021
Conv1D&SimpleRNN&LSTM&GRU,8,R2,782,-5.047245326473097
Conv1D&SimpleRNN&LSTM&GRU,9,MAE,827,0.39369209185945375
Conv1D&SimpleRNN&LSTM&GRU,9,MSE,827,0.16107896606874264
Conv1D&SimpleRNN&LSTM&GRU,9,R2,827,-15684.81168054521
Conv1D&SimpleRNN&LSTM&GRU,10,MAE,1612,0.2625638936301512
Conv1D&SimpleRNN&LSTM&GRU,10,MSE,1612,0.0804978723375055
Conv1D&SimpleRNN&LSTM&GRU,10,R2,1612,-1.031032180652226
Conv1D&SimpleRNN&LSTM&GRU,11,MAE,1620,0.12642629407893766
Conv1D&SimpleRNN&LSTM&GRU,11,MSE,1620,0.019635504368854813
Conv1D&SimpleRNN&LSTM&GRU,11,R2,1620,-2.33313383518655
Conv1D&SimpleRNN&LSTM&GRU,12,MAE,828,0.28969716260625544
Conv1D&SimpleRNN&LSTM&GRU,12,MSE,828,0.0877377877218135
Conv1D&SimpleRNN&LSTM&GRU,12,R2,828,-7.902574667832465
Conv1D&SimpleRNN&LSTM&GRU,13,MAE,1226,0.3203205118777955
Conv1D&SimpleRNN&LSTM&GRU,13,MSE,1226,0.11461633434439346
Conv1D&SimpleRNN&LSTM&GRU,13,R2,1226,-3.260783371863768
Conv1D&SimpleRNN&LSTM&GRU,14,MAE,1641,0.16940744063268331
Conv1D&SimpleRNN&LSTM&GRU,14,MSE,1641,0.03719717286797086
Conv1D&SimpleRNN&LSTM&GRU,14,R2,1641,-2.021925284465711
Conv1D&SimpleRNN&LSTM&GRU,15,MAE,1662,0.24980887900642934
Conv1D&SimpleRNN&LSTM&GRU,15,MSE,1662,0.0810135579976484
Conv1D&SimpleRNN&LSTM&GRU,15,R2,1662,-0.33720103519350186
Conv1D&SimpleRNN&LSTM&GRU,16,MAE,655,0.40517586923602433
Conv1D&SimpleRNN&LSTM&GRU,16,MSE,655,0.171701317519899
Conv1D&SimpleRNN&LSTM&GRU,16,R2,655,-1000870.8239792117
Conv1D&SimpleRNN&LSTM&GRU,17,MAE,1647,0.17695556695493514
Conv1D&SimpleRNN&LSTM&GRU,17,MSE,1647,0.04332066248090892
Conv1D&SimpleRNN&LSTM&GRU,17,R2,1647,-0.021382616374058472
Conv1D&SimpleRNN&LSTM&GRU,18,MAE,911,0.2939178369319249
Conv1D&SimpleRNN&LSTM&GRU,18,MSE,911,0.10367286139753344
Conv1D&SimpleRNN&LSTM&GRU,18,R2,911,-3.904462163904236
Conv1D&SimpleRNN&LSTM&GRU,19,MAE,1689,0.2836214325901447
Conv1D&SimpleRNN&LSTM&GRU,19,MSE,1689,0.09450315084212085
Conv1D&SimpleRNN&LSTM&GRU,19,R2,1689,-4.160409304574646
Conv1D&SimpleRNN&LSTM&GRU,20,MAE,1638,0.35134950976010665
Conv1D&SimpleRNN&LSTM&GRU,20,MSE,1638,0.13945149064760956
Conv1D&SimpleRNN&LSTM&GRU,20,R2,1638,-5.951038251924967
Conv1D&SimpleRNN&LSTM&GRU,21,MAE,1640,0.3076942619762839
Conv1D&SimpleRNN&LSTM&GRU,21,MSE,1640,0.1087247291641088
Conv1D&SimpleRNN&LSTM&GRU,21,R2,1640,-9.506455531181784
Conv1D&SimpleRNN&LSTM&GRU,22,MAE,1493,0.25549035828898714
Conv1D&SimpleRNN&LSTM&GRU,22,MSE,1493,0.07774038561164315
Conv1D&SimpleRNN&LSTM&GRU,22,R2,1493,-0.013227470735619917
Conv1D&SimpleRNN&LSTM&GRU,23,MAE,1610,0.1664760011859101
Conv1D&SimpleRNN&LSTM&GRU,23,MSE,1610,0.03744748884923534
Conv1D&SimpleRNN&LSTM&GRU,23,R2,1610,-0.2068154648016296
Conv1D&SimpleRNN&LSTM&GRU,24,MAE,1672,0.28259963305531166
Conv1D&SimpleRNN&LSTM&GRU,24,MSE,1672,0.10306043172682541
Conv1D&SimpleRNN&LSTM&GRU,24,R2,1672,-1.434873955709668
Conv1D&SimpleRNN&LSTM&GRU,25,MAE,1546,0.12864567182699022
Conv1D&SimpleRNN&LSTM&GRU,25,MSE,1546,0.021068501056188783
Conv1D&SimpleRNN&LSTM&GRU,25,R2,1546,-5.524592608035601
Conv1D&SimpleRNN&LSTM&GRU,26,MAE,1639,0.20616280645955254
Conv1D&SimpleRNN&LSTM&GRU,26,MSE,1639,0.06085848606871814
Conv1D&SimpleRNN&LSTM&GRU,26,R2,1639,-0.12964500067608764
Conv1D&SimpleRNN&LSTM&GRU,27,MAE,1648,0.2563691924703404
Conv1D&SimpleRNN&LSTM&GRU,27,MSE,1648,0.06776202315714325
Conv1D&SimpleRNN&LSTM&GRU,27,R2,1648,-123.41195842446966
Conv1D&SimpleRNN&LSTM&GRU,28,MAE,1469,0.23450460806146758
Conv1D&SimpleRNN&LSTM&GRU,28,MSE,1469,0.07801054796600185
Conv1D&SimpleRNN&LSTM&GRU,28,R2,1469,-2.3921204036595087
Conv1D&SimpleRNN&LSTM&GRU,29,MAE,1662,0.25850689249286407
Conv1D&SimpleRNN&LSTM&GRU,29,MSE,1662,0.08763743963740392
Conv1D&SimpleRNN&LSTM&GRU,29,R2,1662,-5.4776264363034795
Conv1D&SimpleRNN&LSTM&GRU,30,MAE,489,0.22300615565586202
Conv1D&SimpleRNN&LSTM&GRU,30,MSE,489,0.06401189476854927
Conv1D&SimpleRNN&LSTM&GRU,30,R2,489,-0.47507215989393536
Conv1D&SimpleRNN&LSTM&GRU,31,MAE,842,0.2357488537955324
Conv1D&SimpleRNN&LSTM&GRU,31,MSE,842,0.0677883032845785
Conv1D&SimpleRNN&LSTM&GRU,31,R2,842,-3.3192519075454596
Conv1D&SimpleRNN&LSTM&GRU,32,MAE,1639,0.13614224895733795
Conv1D&SimpleRNN&LSTM&GRU,32,MSE,1639,0.025740976060785823
Conv1D&SimpleRNN&LSTM&GRU,32,R2,1639,-0.4670708764180703
Conv1D&SimpleRNN&LSTM&GRU,33,MAE,1653,0.3533074975024519
Conv1D&SimpleRNN&LSTM&GRU,33,MSE,1653,0.140716567925661
Conv1D&SimpleRNN&LSTM&GRU,33,R2,1653,-13.405984408305923
Conv1D&SimpleRNN&LSTM&GRU,34,MAE,1654,0.29665954692706165
Conv1D&SimpleRNN&LSTM&GRU,34,MSE,1654,0.10976115480725072
Conv1D&SimpleRNN&LSTM&GRU,34,R2,1654,-74018.28629225424
Conv1D&SimpleRNN&LSTM&GRU,35,MAE,403,0.3250667375605948
Conv1D&SimpleRNN&LSTM&GRU,35,MSE,403,0.10946277817465169
Conv1D&SimpleRNN&LSTM&GRU,35,R2,403,-5.769945679702169
Conv1D&SimpleRNN&LSTM&GRU,36,MAE,1617,0.21742344317367981
Conv1D&SimpleRNN&LSTM&GRU,36,MSE,1617,0.0627519043669521
Conv1D&SimpleRNN&LSTM&GRU,36,R2,1617,-0.07062747077844911
Conv1D&SimpleRNN&LSTM&GRU,37,MAE,1632,0.2519501546375605
Conv1D&SimpleRNN&LSTM&GRU,37,MSE,1632,0.07143715101232032
Conv1D&SimpleRNN&LSTM&GRU,37,R2,1632,-79710.78955683614
Conv1D&SimpleRNN&LSTM&GRU,38,MAE,1661,0.2432971988068927
Conv1D&SimpleRNN&LSTM&GRU,38,MSE,1661,0.06943740794380103
Conv1D&SimpleRNN&LSTM&GRU,38,R2,1661,-66.2900766421404
Conv1d+LSTM+GRU,1,MAE,907,0.8338103188441559
Conv1d+LSTM+GRU,1,MSE,907,3.0064581336218366
Conv1d+LSTM+GRU,1,R2,907,-13159.030699192368
Conv1d+LSTM+GRU,2,MAE,1510,0.06458879027068132
Conv1d+LSTM+GRU,2,MSE,1510,0.01347931914400092
Conv1d+LSTM+GRU,2,R2,1510,-0.482871299600964
Conv1d+LSTM+GRU,3,MAE,1632,0.0923975894234437
Conv1d+LSTM+GRU,3,MSE,1632,0.015023481445582508
Conv1d+LSTM+GRU,3,R2,1632,-0.24211737687527118
Conv1d+LSTM+GRU,4,MAE,827,0.14663514823844392
Conv1d+LSTM+GRU,4,MSE,827,0.030739048467695637
Conv1d+LSTM+GRU,4,R2,827,-0.2158149314604748
Conv1d+LSTM+GRU,5,MAE,1102,0.14385143161052893
Conv1d+LSTM+GRU,5,MSE,1102,0.033609098434106574
Conv1d+LSTM+GRU,5,R2,1102,-0.039150447820765544
Conv1d+LSTM+GRU,6,MAE,1675,0.19713187075999503
Conv1d+LSTM+GRU,6,MSE,1675,0.05669381522842812
Conv1d+LSTM+GRU,6,R2,1675,-0.09062904792815529
Conv1d+LSTM+GRU,7,MAE,1681,0.3144599721883915
Conv1d+LSTM+GRU,7,MSE,1681,0.11942289559708771
Conv1d+LSTM+GRU,7,R2,1681,-837.5576108504902
Conv1d+LSTM+GRU,8,MAE,782,0.26576430500147014
Conv1d+LSTM+GRU,8,MSE,782,0.074484397456147
Conv1d+LSTM+GRU,8,R2,782,-6.837232148956053
Conv1d+LSTM+GRU,9,MAE,827,0.3982254207231548
Conv1d+LSTM+GRU,9,MSE,827,0.17014191380046922
Conv1d+LSTM+GRU,9,R2,827,-14184.396488534861
Conv1d+LSTM+GRU,10,MAE,1612,0.24637686100178346
Conv1d+LSTM+GRU,10,MSE,1612,0.06639634602167904
Conv1d+LSTM+GRU,10,R2,1612,-0.777760355387525
Conv1d+LSTM+GRU,11,MAE,1620,0.10058413300939327
Conv1d+LSTM+GRU,11,MSE,1620,0.014747365168311776
Conv1d+LSTM+GRU,11,R2,1620,-1.010677339508863
Conv1d+LSTM+GRU,12,MAE,828,0.28721969466433483
Conv1d+LSTM+GRU,12,MSE,828,0.0887062776291371
Conv1d+LSTM+GRU,12,R2,828,-8.745222603134897
Conv1d+LSTM+GRU,13,MAE,1226,0.34504218446083046
Conv1d+LSTM+GRU,13,MSE,1226,0.13271748716374807
Conv1d+LSTM+GRU,13,R2,1226,-3.9326429126303775
Conv1d+LSTM+GRU,14,MAE,1641,0.16675939276996682
Conv1d+LSTM+GRU,14,MSE,1641,0.035969794040033226
Conv1d+LSTM+GRU,14,R2,1641,-1.942220453641791
Conv1d+LSTM+GRU,15,MAE,1662,0.24068937814250824
Conv1d+LSTM+GRU,15,MSE,1662,0.0778391703552305
Conv1d+LSTM+GRU,15,R2,1662,-0.283403668728465
Conv1d+LSTM+GRU,16,MAE,655,0.43089406337994185
Conv1d+LSTM+GRU,16,MSE,655,0.19133964406174253
Conv1d+LSTM+GRU,16,R2,655,-1175200.8366578105
Conv1d+LSTM+GRU,17,MAE,1647,0.1793274673910203
Conv1d+LSTM+GRU,17,MSE,1647,0.04435311400113791
Conv1d+LSTM+GRU,17,R2,1647,-0.04216910347076386
Conv1d+LSTM+GRU,18,MAE,911,0.32771130427492756
Conv1d+LSTM+GRU,18,MSE,911,0.1268131989004687
Conv1d+LSTM+GRU,18,R2,911,-5.5280072566196505
Conv1d+LSTM+GRU,19,MAE,1689,0.25834318626405584
Conv1d+LSTM+GRU,19,MSE,1689,0.07786869110605237
Conv1d+LSTM+GRU,19,R2,1689,-3.10964961143548
Conv1d+LSTM+GRU,20,MAE,1638,0.38091662436550167
Conv1d+LSTM+GRU,20,MSE,1638,0.15578012309315226
Conv1d+LSTM+GRU,20,R2,1638,-7.6102458059196625
Conv1d+LSTM+GRU,21,MAE,1640,0.2641056882453455
Conv1d+LSTM+GRU,21,MSE,1640,0.08910121258553305
Conv1d+LSTM+GRU,21,R2,1640,-7.683496171292035
Conv1d+LSTM+GRU,22,MAE,1493,0.2613225494465251
Conv1d+LSTM+GRU,22,MSE,1493,0.07695258692541879
Conv1d+LSTM+GRU,22,R2,1493,-0.004925413397121714
Conv1d+LSTM+GRU,23,MAE,1610,0.162627532389561
Conv1d+LSTM+GRU,23,MSE,1610,0.03427014426652336
Conv1d+LSTM+GRU,23,R2,1610,-0.11995500474304177
Conv1d+LSTM+GRU,24,MAE,1672,0.2709219214162445
Conv1d+LSTM+GRU,24,MSE,1672,0.09213344140460232
Conv1d+LSTM+GRU,24,R2,1672,-1.2535118615057252
Conv1d+LSTM+GRU,25,MAE,1546,0.06353269815866305
Conv1d+LSTM+GRU,25,MSE,1546,0.0064357314513985445
Conv1d+LSTM+GRU,25,R2,1546,-0.7876507157884063
Conv1d+LSTM+GRU,26,MAE,1639,0.20700714436981815
Conv1d+LSTM+GRU,26,MSE,1639,0.060593118029263204
Conv1d+LSTM+GRU,26,R2,1639,-0.12065519829572113
Conv1d+LSTM+GRU,27,MAE,1648,0.28023779047200814
Conv1d+LSTM+GRU,27,MSE,1648,0.08133410132468805
Conv1d+LSTM+GRU,27,R2,1648,-169.9109414173612
Conv1d+LSTM+GRU,28,MAE,1469,0.22769894796239742
Conv1d+LSTM+GRU,28,MSE,1469,0.06647012250085954
Conv1d+LSTM+GRU,28,R2,1469,-1.9931741292984138
Conv1d+LSTM+GRU,29,MAE,1662,0.2847530380616761
Conv1d+LSTM+GRU,29,MSE,1662,0.10387034343304333
Conv1d+LSTM+GRU,29,R2,1662,-6.555526761506911
Conv1d+LSTM+GRU,30,MAE,489,0.22519519670102617
Conv1d+LSTM+GRU,30,MSE,489,0.06590498520378045
Conv1d+LSTM+GRU,30,R2,489,-0.517648755181714
Conv1d+LSTM+GRU,31,MAE,842,0.25685439880982497
Conv1d+LSTM+GRU,31,MSE,842,0.0788184444702993
Conv1d+LSTM+GRU,31,R2,842,-4.032111308873552
Conv1d+LSTM+GRU,32,MAE,1639,0.1588278117037486
Conv1d+LSTM+GRU,32,MSE,1639,0.03607645318226868
Conv1d+LSTM+GRU,32,R2,1639,-1.1149196734196596
Conv1d+LSTM+GRU,33,MAE,1653,0.3777530474774822
Conv1d+LSTM+GRU,33,MSE,1653,0.15554788683725565
Conv1d+LSTM+GRU,33,R2,1653,-16.81545146809501
Conv1d+LSTM+GRU,34,MAE,1654,0.34143873193906205
Conv1d+LSTM+GRU,34,MSE,1654,0.13370284108919445
Conv1d+LSTM+GRU,34,R2,1654,-145753.39805824938
Conv1d+LSTM+GRU,35,MAE,403,0.3330159247659828
Conv1d+LSTM+GRU,35,MSE,403,0.11448586491736654
Conv1d+LSTM+GRU,35,R2,403,-6.089568268890583
Conv1d+LSTM+GRU,36,MAE,1617,0.23460272177415392
Conv1d+LSTM+GRU,36,MSE,1617,0.07368542679472162
Conv1d+LSTM+GRU,36,R2,1617,-0.27877423378932753
Conv1d+LSTM+GRU,37,MAE,1632,0.3060823665361787
Conv1d+LSTM+GRU,37,MSE,1632,0.10066401712420082
Conv1d+LSTM+GRU,37,R2,1632,-175277.37388190773
Conv1d+LSTM+GRU,38,MAE,1661,0.28906808598485917
Conv1d+LSTM+GRU,38,MSE,1661,0.09520906544977045
Conv1d+LSTM+GRU,38,R2,1661,-111.49685873520785
tanh_Conv1D+RNN+LSTM+GRU,1,MAE,907,0.36304299734679224
tanh_Conv1D+RNN+LSTM+GRU,1,MSE,907,0.13616518783718332
tanh_Conv1D+RNN+LSTM+GRU,1,R2,907,-584.9592532523326
tanh_Conv1D+RNN+LSTM+GRU,2,MAE,1510,0.2262504107474425
tanh_Conv1D+RNN+LSTM+GRU,2,MSE,1510,0.05230413880734442
tanh_Conv1D+RNN+LSTM+GRU,2,R2,1510,-4.785259688871158
tanh_Conv1D+RNN+LSTM+GRU,3,MAE,1632,0.30133405040927025
tanh_Conv1D+RNN+LSTM+GRU,3,MSE,1632,0.095653823641801
tanh_Conv1D+RNN+LSTM+GRU,3,R2,1632,-8.171124868368077
tanh_Conv1D+RNN+LSTM+GRU,4,MAE,827,0.17261363521796805
tanh_Conv1D+RNN+LSTM+GRU,4,MSE,827,0.04219251763713843
tanh_Conv1D+RNN+LSTM+GRU,4,R2,827,-0.5461476844710194
tanh_Conv1D+RNN+LSTM+GRU,5,MAE,1102,0.15257160158866467
tanh_Conv1D+RNN+LSTM+GRU,5,MSE,1102,0.03592153728430709
tanh_Conv1D+RNN+LSTM+GRU,5,R2,1102,-0.11567096124384746
tanh_Conv1D+RNN+LSTM+GRU,6,MAE,1675,0.19682385542474343
tanh_Conv1D+RNN+LSTM+GRU,6,MSE,1675,0.05370696858880876
tanh_Conv1D+RNN+LSTM+GRU,6,R2,1675,-0.09789529524315344
tanh_Conv1D+RNN+LSTM+GRU,7,MAE,1681,0.26170600554173507
tanh_Conv1D+RNN+LSTM+GRU,7,MSE,1681,0.08358102231936992
tanh_Conv1D+RNN+LSTM+GRU,7,R2,1681,-580.9432247385362
tanh_Conv1D+RNN+LSTM+GRU,8,MAE,782,0.23942793771062862
tanh_Conv1D+RNN+LSTM+GRU,8,MSE,782,0.061417288392270994
tanh_Conv1D+RNN+LSTM+GRU,8,R2,782,-5.490284156346004
tanh_Conv1D+RNN+LSTM+GRU,9,MAE,827,0.40743563912043107
tanh_Conv1D+RNN+LSTM+GRU,9,MSE,827,0.173118218778437
tanh_Conv1D+RNN+LSTM+GRU,9,R2,827,-16502.778305983433
tanh_Conv1D+RNN+LSTM+GRU,10,MAE,1612,0.24006338519218406
tanh_Conv1D+RNN+LSTM+GRU,10,MSE,1612,0.06313419939075915
tanh_Conv1D+RNN+LSTM+GRU,10,R2,1612,-0.6879690454207184
tanh_Conv1D+RNN+LSTM+GRU,11,MAE,1620,0.09654089543915254
tanh_Conv1D+RNN+LSTM+GRU,11,MSE,1620,0.013750578103473684
tanh_Conv1D+RNN+LSTM+GRU,11,R2,1620,-0.9031668262632374
tanh_Conv1D+RNN+LSTM+GRU,12,MAE,828,0.28942672573292944
tanh_Conv1D+RNN+LSTM+GRU,12,MSE,828,0.08999718123642562
tanh_Conv1D+RNN+LSTM+GRU,12,R2,828,-8.887790101275863
tanh_Conv1D+RNN+LSTM+GRU,13,MAE,1226,0.3456939157730081
tanh_Conv1D+RNN+LSTM+GRU,13,MSE,1226,0.1336235008604989
tanh_Conv1D+RNN+LSTM+GRU,13,R2,1226,-3.9680294543516896
tanh_Conv1D+RNN+LSTM+GRU,14,MAE,1641,0.16875101957473312
tanh_Conv1D+RNN+LSTM+GRU,14,MSE,1641,0.03718632066596901
tanh_Conv1D+RNN+LSTM+GRU,14,R2,1641,-2.054278850175572
tanh_Conv1D+RNN+LSTM+GRU,15,MAE,1662,0.2404457080031698
tanh_Conv1D+RNN+LSTM+GRU,15,MSE,1662,0.07824334124623211
tanh_Conv1D+RNN+LSTM+GRU,15,R2,1662,-0.2897143829867429
tanh_Conv1D+RNN+LSTM+GRU,16,MAE,655,0.41255781280950277
tanh_Conv1D+RNN+LSTM+GRU,16,MSE,655,0.17665230052506042
tanh_Conv1D+RNN+LSTM+GRU,16,R2,655,-1055192.7167603138
tanh_Conv1D+RNN+LSTM+GRU,17,MAE,1647,0.17939849629342997
tanh_Conv1D+RNN+LSTM+GRU,17,MSE,1647,0.043811729650377954
tanh_Conv1D+RNN+LSTM+GRU,17,R2,1647,-0.03241512251147316
tanh_Conv1D+RNN+LSTM+GRU,18,MAE,911,0.3184940085534438
tanh_Conv1D+RNN+LSTM+GRU,18,MSE,911,0.12050851021541911
tanh_Conv1D+RNN+LSTM+GRU,18,R2,911,-5.013292051734948
tanh_Conv1D+RNN+LSTM+GRU,19,MAE,1689,0.2655802109596985
tanh_Conv1D+RNN+LSTM+GRU,19,MSE,1689,0.08239797157735096
tanh_Conv1D+RNN+LSTM+GRU,19,R2,1689,-3.3868938593125923
tanh_Conv1D+RNN+LSTM+GRU,20,MAE,1638,0.368393699812827
tanh_Conv1D+RNN+LSTM+GRU,20,MSE,1638,0.14688935362735783
tanh_Conv1D+RNN+LSTM+GRU,20,R2,1638,-6.949539454434237
tanh_Conv1D+RNN+LSTM+GRU,21,MAE,1640,0.2639870358957799
tanh_Conv1D+RNN+LSTM+GRU,21,MSE,1640,0.08783663532587306
tanh_Conv1D+RNN+LSTM+GRU,21,R2,1640,-7.549921086718975
tanh_Conv1D+RNN+LSTM+GRU,22,MAE,1493,0.259787108625826
tanh_Conv1D+RNN+LSTM+GRU,22,MSE,1493,0.07659891194763124
tanh_Conv1D+RNN+LSTM+GRU,22,R2,1493,-0.0010171464652920514
tanh_Conv1D+RNN+LSTM+GRU,23,MAE,1610,0.16440555601189427
tanh_Conv1D+RNN+LSTM+GRU,23,MSE,1610,0.036267132088018905
tanh_Conv1D+RNN+LSTM+GRU,23,R2,1610,-0.17423027754100595
tanh_Conv1D+RNN+LSTM+GRU,24,MAE,1672,0.2735534565171799
tanh_Conv1D+RNN+LSTM+GRU,24,MSE,1672,0.0937486570946686
tanh_Conv1D+RNN+LSTM+GRU,24,R2,1672,-1.31964076552149
tanh_Conv1D+RNN+LSTM+GRU,25,MAE,1546,0.0657976899382292
tanh_Conv1D+RNN+LSTM+GRU,25,MSE,1546,0.006966173451198746
tanh_Conv1D+RNN+LSTM+GRU,25,R2,1546,-0.8977659337529407
tanh_Conv1D+RNN+LSTM+GRU,26,MAE,1639,0.20804965246326634
tanh_Conv1D+RNN+LSTM+GRU,26,MSE,1639,0.06148357290172254
tanh_Conv1D+RNN+LSTM+GRU,26,R2,1639,-0.14085574801007528
tanh_Conv1D+RNN+LSTM+GRU,27,MAE,1648,0.2872976226026847
tanh_Conv1D+RNN+LSTM+GRU,27,MSE,1648,0.08526363841138775
tanh_Conv1D+RNN+LSTM+GRU,27,R2,1648,-176.27470220848377
tanh_Conv1D+RNN+LSTM+GRU,28,MAE,1469,0.2273760294637077
tanh_Conv1D+RNN+LSTM+GRU,28,MSE,1469,0.06453407398123416
tanh_Conv1D+RNN+LSTM+GRU,28,R2,1469,-1.9422825251536338
tanh_Conv1D+RNN+LSTM+GRU,29,MAE,1662,0.28932645909090954
tanh_Conv1D+RNN+LSTM+GRU,29,MSE,1662,0.10751927438429032
tanh_Conv1D+RNN+LSTM+GRU,29,R2,1662,-6.83611239969511
tanh_Conv1D+RNN+LSTM+GRU,30,MAE,489,0.22499708237111196
tanh_Conv1D+RNN+LSTM+GRU,30,MSE,489,0.06578675117196597
tanh_Conv1D+RNN+LSTM+GRU,30,R2,489,-0.5145374366441606
tanh_Conv1D+RNN+LSTM+GRU,31,MAE,842,0.25894725946661745
tanh_Conv1D+RNN+LSTM+GRU,31,MSE,842,0.0793310081652769
tanh_Conv1D+RNN+LSTM+GRU,31,R2,842,-4.0753972108844945
tanh_Conv1D+RNN+LSTM+GRU,32,MAE,1639,0.15864390769736156
tanh_Conv1D+RNN+LSTM+GRU,32,MSE,1639,0.03657201346608023
tanh_Conv1D+RNN+LSTM+GRU,32,R2,1639,-1.1520920604416047
tanh_Conv1D+RNN+LSTM+GRU,33,MAE,1653,0.3899993367035532
tanh_Conv1D+RNN+LSTM+GRU,33,MSE,1653,0.1650680405364533
tanh_Conv1D+RNN+LSTM+GRU,33,R2,1653,-18.274977260434113
tanh_Conv1D+RNN+LSTM+GRU,34,MAE,1654,0.35202948866774925
tanh_Conv1D+RNN+LSTM+GRU,34,MSE,1654,0.1420458621059363
tanh_Conv1D+RNN+LSTM+GRU,34,R2,1654,-158401.44117154623
tanh_Conv1D+RNN+LSTM+GRU,35,MAE,403,0.3346186492563142
tanh_Conv1D+RNN+LSTM+GRU,35,MSE,403,0.11554826281407207
tanh_Conv1D+RNN+LSTM+GRU,35,R2,403,-6.156498699308726
tanh_Conv1D+RNN+LSTM+GRU,36,MAE,1617,0.2381563877747518
tanh_Conv1D+RNN+LSTM+GRU,36,MSE,1617,0.07652791060598962
tanh_Conv1D+RNN+LSTM+GRU,36,R2,1617,-0.3301018605888584
tanh_Conv1D+RNN+LSTM+GRU,37,MAE,1632,0.3121480416061343
tanh_Conv1D+RNN+LSTM+GRU,37,MSE,1632,0.1046239636410185
tanh_Conv1D+RNN+LSTM+GRU,37,R2,1632,-183299.0885791885
tanh_Conv1D+RNN+LSTM+GRU,38,MAE,1661,0.2985294652115049
tanh_Conv1D+RNN+LSTM+GRU,38,MSE,1661,0.10107656172951808
tanh_Conv1D+RNN+LSTM+GRU,38,R2,1661,-119.22555848579341
