Model,Metric,Adjusted Score
Conv1D&SimpleRNN&LSTM&GRU,MAE,0.011220794126671787
Conv1D&SimpleRNN&LSTM&GRU,MSE,0.0036105501793474563
Conv1D&SimpleRNN&LSTM&GRU,R2,-1833.130601060744
Conv1d+LSTM+GRU,MAE,0.011750853025762712
Conv1d+LSTM+GRU,MSE,0.004279476814847157
Conv1d+LSTM+GRU,R2,-1630.609073657426
DummyRegressor,MAE,0.011418853819544604
DummyRegressor,MSE,0.003663953869464049
DummyRegressor,R2,-1642.4872258506098
SimpleRNN+LSTM+GRU,MAE,0.011088866688052212
SimpleRNN+LSTM+GRU,MSE,0.003640078986509219
SimpleRNN+LSTM+GRU,R2,-2032.1676087863948
SimpleRNN+LSTM+GRU_many_to_many,MAE,0.01237958386168775
SimpleRNN+LSTM+GRU_many_to_many,MSE,0.00629533450895764
SimpleRNN+LSTM+GRU_many_to_many,R2,-1559.8717259447835
tanh_Conv1D+RNN+LSTM+GRU,MAE,0.011265083880900558
tanh_Conv1D+RNN+LSTM+GRU,MSE,0.003615979500275274
tanh_Conv1D+RNN+LSTM+GRU,R2,-1591.8812537415577
