Model,Ispitanik,Metric,Length of Test,Metric score
DummyRegressor,1,MAE,694,0.2946692783180299
DummyRegressor,1,MSE,694,0.08796152115337344
DummyRegressor,1,R2,694,-128.7002462472278
DummyRegressor,2,MAE,692,0.2263033497888634
DummyRegressor,2,MSE,692,0.06779103522196328
DummyRegressor,2,R2,692,-0.8450491956556975
DummyRegressor,3,MAE,1399,0.23588508272490671
DummyRegressor,3,MSE,1399,0.07583145110876413
DummyRegressor,3,R2,1399,-0.3391635584268883
DummyRegressor,4,MAE,1376,0.2440026006619181
DummyRegressor,4,MSE,1376,0.07304218131430795
DummyRegressor,4,R2,1376,-1.4350789182447596
DummyRegressor,5,MAE,690,0.38345982371726156
DummyRegressor,5,MSE,690,0.15030560248854824
DummyRegressor,5,R2,690,-3671.6563317903706
DummyRegressor,6,MAE,628,0.2588316027745097
DummyRegressor,6,MSE,628,0.07546068024512767
DummyRegressor,6,R2,628,-1.505625275022974
DummyRegressor,7,MAE,1410,0.16151821555756357
DummyRegressor,7,MSE,1410,0.03341121839396592
DummyRegressor,7,R2,1410,-6.763256503798228
DummyRegressor,8,MAE,1369,0.35978104503721264
DummyRegressor,8,MSE,1369,0.13190956828103415
DummyRegressor,8,R2,1369,-58.36529937412389
DummyRegressor,9,MAE,1367,0.20259480081605852
DummyRegressor,9,MSE,1367,0.05874823897217279
DummyRegressor,9,R2,1367,-0.5449754277020626
DummyRegressor,10,MAE,1414,0.2803335197953318
DummyRegressor,10,MSE,1414,0.09233283374560401
DummyRegressor,10,R2,1414,-9.238205036885923
DummyRegressor,11,MAE,1355,0.2944564443011999
DummyRegressor,11,MSE,1355,0.08770866588636875
DummyRegressor,11,R2,1355,-85386.64191016651
DummyRegressor,12,MAE,1390,0.27260996555583683
DummyRegressor,12,MSE,1390,0.09149108480299083
DummyRegressor,12,R2,1390,-1.7674332232841288
DummyRegressor,13,MAE,1401,0.20765279476353302
DummyRegressor,13,MSE,1401,0.056261124586885924
DummyRegressor,13,R2,1401,-0.11009929730932255
DummyRegressor,14,MAE,1382,0.2622966829480944
DummyRegressor,14,MSE,1382,0.07967931740196366
DummyRegressor,14,R2,1382,-0.3421979767048682
DummyRegressor,15,MAE,1367,0.2839781578946765
DummyRegressor,15,MSE,1367,0.0809520176933272
DummyRegressor,15,R2,1367,-34307.70361017499
DummyRegressor,16,MAE,1382,0.16070115587837774
DummyRegressor,16,MSE,1382,0.03624214121765102
DummyRegressor,16,R2,1382,-0.5418462537570399
DummyRegressor,17,MAE,1384,0.17466345680398626
DummyRegressor,17,MSE,1384,0.05425973735010321
DummyRegressor,17,R2,1384,-1.0667002011102533
DummyRegressor,18,MAE,759,0.2955983061200387
DummyRegressor,18,MSE,759,0.08824321230141205
DummyRegressor,18,R2,759,-1102986.391333004
DummyRegressor,19,MAE,398,0.20295633657434287
DummyRegressor,19,MSE,398,0.054851507311897515
DummyRegressor,19,R2,398,-0.05322344144347435
DummyRegressor,20,MAE,1382,0.40422840295943674
DummyRegressor,20,MSE,1382,0.16543152334394395
DummyRegressor,20,R2,1382,-12.048018531552607
DummyRegressor,21,MAE,1361,0.28342468180503344
DummyRegressor,21,MSE,1361,0.09524312855735391
DummyRegressor,21,R2,1361,-1.3031317236565092
DummyRegressor,22,MAE,574,0.1909119951651924
DummyRegressor,22,MSE,574,0.049639428431184254
DummyRegressor,22,R2,574,-5.871367685787397
DummyRegressor,23,MAE,1364,0.3516920676767759
DummyRegressor,23,MSE,1364,0.1362293010833661
DummyRegressor,23,R2,1364,-7.467475098779439
SimpleRNN+LSTM+GRU,1,MAE,691,0.34308380118270126
SimpleRNN+LSTM+GRU,1,MSE,691,0.12199792084870012
SimpleRNN+LSTM+GRU,1,R2,691,-197.84769427234036
SimpleRNN+LSTM+GRU,2,MAE,689,0.19756810404099337
SimpleRNN+LSTM+GRU,2,MSE,689,0.048925285577985124
SimpleRNN+LSTM+GRU,2,R2,689,-0.191845987691748
SimpleRNN+LSTM+GRU,3,MAE,1396,0.24768282621851778
SimpleRNN+LSTM+GRU,3,MSE,1396,0.08899208636435536
SimpleRNN+LSTM+GRU,3,R2,1396,-0.5552373739575934
SimpleRNN+LSTM+GRU,4,MAE,1373,0.1786061828718082
SimpleRNN+LSTM+GRU,4,MSE,1373,0.04200188865805182
SimpleRNN+LSTM+GRU,4,R2,1373,-0.3727421795199012
SimpleRNN+LSTM+GRU,5,MAE,687,0.3560890688319903
SimpleRNN+LSTM+GRU,5,MSE,687,0.13223829088298042
SimpleRNN+LSTM+GRU,5,R2,687,-2293.260842420948
SimpleRNN+LSTM+GRU,6,MAE,625,0.26482397323934026
SimpleRNN+LSTM+GRU,6,MSE,625,0.07896912845238205
SimpleRNN+LSTM+GRU,6,R2,625,-1.6552522610259426
SimpleRNN+LSTM+GRU,7,MAE,1407,0.17593767923231707
SimpleRNN+LSTM+GRU,7,MSE,1407,0.038413957259438254
SimpleRNN+LSTM+GRU,7,R2,1407,-7.8955473849793965
SimpleRNN+LSTM+GRU,8,MAE,1366,0.25646721284494367
SimpleRNN+LSTM+GRU,8,MSE,1366,0.09450358712910537
SimpleRNN+LSTM+GRU,8,R2,1366,-27.845536421751092
SimpleRNN+LSTM+GRU,9,MAE,1364,0.24757051406019676
SimpleRNN+LSTM+GRU,9,MSE,1364,0.07186795124290685
SimpleRNN+LSTM+GRU,9,R2,1364,-1.3026052333062372
SimpleRNN+LSTM+GRU,10,MAE,1411,0.17703789605068587
SimpleRNN+LSTM+GRU,10,MSE,1411,0.03575123779400284
SimpleRNN+LSTM+GRU,10,R2,1411,-6.444186442492973
SimpleRNN+LSTM+GRU,11,MAE,1352,0.34937858246678655
SimpleRNN+LSTM+GRU,11,MSE,1352,0.12660802761651557
SimpleRNN+LSTM+GRU,11,R2,1352,-206315.10503494905
SimpleRNN+LSTM+GRU,12,MAE,1387,0.21911783307570598
SimpleRNN+LSTM+GRU,12,MSE,1387,0.061929285110817966
SimpleRNN+LSTM+GRU,12,R2,1387,-0.8565266561557465
SimpleRNN+LSTM+GRU,13,MAE,1398,0.22737184143259068
SimpleRNN+LSTM+GRU,13,MSE,1398,0.0734216369026662
SimpleRNN+LSTM+GRU,13,R2,1398,-0.43184813559700574
SimpleRNN+LSTM+GRU,14,MAE,1379,0.2740684732654254
SimpleRNN+LSTM+GRU,14,MSE,1379,0.09025801681909408
SimpleRNN+LSTM+GRU,14,R2,1379,-0.40775007102854643
SimpleRNN+LSTM+GRU,15,MAE,1364,0.3645543262070068
SimpleRNN+LSTM+GRU,15,MSE,1364,0.14925877823787884
SimpleRNN+LSTM+GRU,15,R2,1364,-113704.40529314993
SimpleRNN+LSTM+GRU,16,MAE,1379,0.22645400067686028
SimpleRNN+LSTM+GRU,16,MSE,1379,0.08951047088720153
SimpleRNN+LSTM+GRU,16,R2,1379,-1.5322163491368155
SimpleRNN+LSTM+GRU,17,MAE,1381,0.22199680270723154
SimpleRNN+LSTM+GRU,17,MSE,1381,0.06278983072714195
SimpleRNN+LSTM+GRU,17,R2,1381,-1.572291015276952
SimpleRNN+LSTM+GRU,18,MAE,756,0.31230792017662656
SimpleRNN+LSTM+GRU,18,MSE,756,0.09767727055257203
SimpleRNN+LSTM+GRU,18,R2,756,-1059949.09722799
SimpleRNN+LSTM+GRU,19,MAE,395,0.21146711706312304
SimpleRNN+LSTM+GRU,19,MSE,395,0.061176935193067807
SimpleRNN+LSTM+GRU,19,R2,395,-0.2599338725474073
SimpleRNN+LSTM+GRU,20,MAE,1379,0.3395587259844134
SimpleRNN+LSTM+GRU,20,MSE,1379,0.13179215345150003
SimpleRNN+LSTM+GRU,20,R2,1379,-7.6197873912773275
SimpleRNN+LSTM+GRU,21,MAE,1358,0.23539424325976951
SimpleRNN+LSTM+GRU,21,MSE,1358,0.06632803149860388
SimpleRNN+LSTM+GRU,21,R2,1358,-1.0674569887191332
SimpleRNN+LSTM+GRU,22,MAE,571,0.19507790195995045
SimpleRNN+LSTM+GRU,22,MSE,571,0.057567717302513366
SimpleRNN+LSTM+GRU,22,R2,571,-7.552237367057467
SimpleRNN+LSTM+GRU,23,MAE,1361,0.28209019133186464
SimpleRNN+LSTM+GRU,23,MSE,1361,0.10557949360507424
SimpleRNN+LSTM+GRU,23,R2,1361,-5.298350662894839
SimpleRNN+LSTM+GRU_many_to_many,1,MAE,690,1.250294117406092
SimpleRNN+LSTM+GRU_many_to_many,1,MSE,690,2.4000640789398373
SimpleRNN+LSTM+GRU_many_to_many,1,R2,690,-3785.3810470792005
SimpleRNN+LSTM+GRU_many_to_many,2,MAE,688,0.25158188197138004
SimpleRNN+LSTM+GRU_many_to_many,2,MSE,688,0.09516661179014774
SimpleRNN+LSTM+GRU_many_to_many,2,R2,688,-1.544049695796017
SimpleRNN+LSTM+GRU_many_to_many,3,MAE,1395,0.272639070708198
SimpleRNN+LSTM+GRU_many_to_many,3,MSE,1395,0.10919420075186656
SimpleRNN+LSTM+GRU_many_to_many,3,R2,1395,-0.8354113564337164
SimpleRNN+LSTM+GRU_many_to_many,4,MAE,1372,0.23258342947488775
SimpleRNN+LSTM+GRU_many_to_many,4,MSE,1372,0.06548364985792102
SimpleRNN+LSTM+GRU_many_to_many,4,R2,1372,-1.1728393136163335
SimpleRNN+LSTM+GRU_many_to_many,5,MAE,686,0.37160523471312235
SimpleRNN+LSTM+GRU_many_to_many,5,MSE,686,0.14537348035652753
SimpleRNN+LSTM+GRU_many_to_many,5,R2,686,-2358.094375273712
SimpleRNN+LSTM+GRU_many_to_many,6,MAE,624,0.2566160113298237
SimpleRNN+LSTM+GRU_many_to_many,6,MSE,624,0.07507758011502119
SimpleRNN+LSTM+GRU_many_to_many,6,R2,624,-1.5324170250153717
SimpleRNN+LSTM+GRU_many_to_many,7,MAE,1406,0.15413698367586715
SimpleRNN+LSTM+GRU_many_to_many,7,MSE,1406,0.042104578756209175
SimpleRNN+LSTM+GRU_many_to_many,7,R2,1406,-7.531998488615872
SimpleRNN+LSTM+GRU_many_to_many,8,MAE,1365,0.33497434885240424
SimpleRNN+LSTM+GRU_many_to_many,8,MSE,1365,0.11897601341718053
SimpleRNN+LSTM+GRU_many_to_many,8,R2,1365,-44.79977923429517
SimpleRNN+LSTM+GRU_many_to_many,9,MAE,1363,0.16820529753345223
SimpleRNN+LSTM+GRU_many_to_many,9,MSE,1363,0.04664144284837297
SimpleRNN+LSTM+GRU_many_to_many,9,R2,1363,-0.04570226772823338
SimpleRNN+LSTM+GRU_many_to_many,10,MAE,1410,0.25674662345265975
SimpleRNN+LSTM+GRU_many_to_many,10,MSE,1410,0.06950175429369125
SimpleRNN+LSTM+GRU_many_to_many,10,R2,1410,-9.765696926635385
SimpleRNN+LSTM+GRU_many_to_many,11,MAE,1351,0.30994405458296004
SimpleRNN+LSTM+GRU_many_to_many,11,MSE,1351,0.09807909214066304
SimpleRNN+LSTM+GRU_many_to_many,11,R2,1351,-149363.61052295013
SimpleRNN+LSTM+GRU_many_to_many,12,MAE,1386,0.2595799100993323
SimpleRNN+LSTM+GRU_many_to_many,12,MSE,1386,0.08347794025829863
SimpleRNN+LSTM+GRU_many_to_many,12,R2,1386,-1.505649189951567
SimpleRNN+LSTM+GRU_many_to_many,13,MAE,1397,0.2102466810822426
SimpleRNN+LSTM+GRU_many_to_many,13,MSE,1397,0.059569291948726275
SimpleRNN+LSTM+GRU_many_to_many,13,R2,1397,-0.18308118248812727
SimpleRNN+LSTM+GRU_many_to_many,14,MAE,1378,0.25403504797931736
SimpleRNN+LSTM+GRU_many_to_many,14,MSE,1378,0.07501531944213077
SimpleRNN+LSTM+GRU_many_to_many,14,R2,1378,-0.19493005310707134
SimpleRNN+LSTM+GRU_many_to_many,15,MAE,1363,0.3040925823411352
SimpleRNN+LSTM+GRU_many_to_many,15,MSE,1363,0.09559735579116813
SimpleRNN+LSTM+GRU_many_to_many,15,R2,1363,-61011.57864576165
SimpleRNN+LSTM+GRU_many_to_many,16,MAE,1378,0.15313697465613488
SimpleRNN+LSTM+GRU_many_to_many,16,MSE,1378,0.04149883155934865
SimpleRNN+LSTM+GRU_many_to_many,16,R2,1378,-0.423257785862385
SimpleRNN+LSTM+GRU_many_to_many,17,MAE,1380,0.20436410824318618
SimpleRNN+LSTM+GRU_many_to_many,17,MSE,1380,0.05721455140717351
SimpleRNN+LSTM+GRU_many_to_many,17,R2,1380,-1.4012132547423444
SimpleRNN+LSTM+GRU_many_to_many,18,MAE,755,0.2972089086971161
SimpleRNN+LSTM+GRU_many_to_many,18,MSE,755,0.08996656893624558
SimpleRNN+LSTM+GRU_many_to_many,18,R2,755,-873509.1314959557
SimpleRNN+LSTM+GRU_many_to_many,19,MAE,394,0.21083740871641973
SimpleRNN+LSTM+GRU_many_to_many,19,MSE,394,0.06085309209703276
SimpleRNN+LSTM+GRU_many_to_many,19,R2,394,-0.24900921720038416
SimpleRNN+LSTM+GRU_many_to_many,20,MAE,1378,0.38136900581891403
SimpleRNN+LSTM+GRU_many_to_many,20,MSE,1378,0.15471411127261328
SimpleRNN+LSTM+GRU_many_to_many,20,R2,1378,-10.448308925509235
SimpleRNN+LSTM+GRU_many_to_many,21,MAE,1357,0.2786719402600885
SimpleRNN+LSTM+GRU_many_to_many,21,MSE,1357,0.08485628844558132
SimpleRNN+LSTM+GRU_many_to_many,21,R2,1357,-1.4530096789900198
SimpleRNN+LSTM+GRU_many_to_many,22,MAE,570,0.2099516924956238
SimpleRNN+LSTM+GRU_many_to_many,22,MSE,570,0.06727297684681738
SimpleRNN+LSTM+GRU_many_to_many,22,R2,570,-9.125848722423266
SimpleRNN+LSTM+GRU_many_to_many,23,MAE,1360,0.3337066273922425
SimpleRNN+LSTM+GRU_many_to_many,23,MSE,1360,0.12935714934503784
SimpleRNN+LSTM+GRU_many_to_many,23,R2,1360,-6.847547744510406
Conv1D&SimpleRNN&LSTM&GRU,1,MAE,691,0.29867660310380384
Conv1D&SimpleRNN&LSTM&GRU,1,MSE,691,0.09116515291957425
Conv1D&SimpleRNN&LSTM&GRU,1,R2,691,-145.35501765527266
Conv1D&SimpleRNN&LSTM&GRU,2,MAE,689,0.1995036261063071
Conv1D&SimpleRNN&LSTM&GRU,2,MSE,689,0.05433414114183115
Conv1D&SimpleRNN&LSTM&GRU,2,R2,689,-0.35970673018141297
Conv1D&SimpleRNN&LSTM&GRU,3,MAE,1396,0.24058727247361766
Conv1D&SimpleRNN&LSTM&GRU,3,MSE,1396,0.0764380776561386
Conv1D&SimpleRNN&LSTM&GRU,3,R2,1396,-0.3725095201739881
Conv1D&SimpleRNN&LSTM&GRU,4,MAE,1373,0.20586346411841538
Conv1D&SimpleRNN&LSTM&GRU,4,MSE,1373,0.050933626094363874
Conv1D&SimpleRNN&LSTM&GRU,4,R2,1373,-0.6723074984888593
Conv1D&SimpleRNN&LSTM&GRU,5,MAE,687,0.3766304353416391
Conv1D&SimpleRNN&LSTM&GRU,5,MSE,687,0.147280510600709
Conv1D&SimpleRNN&LSTM&GRU,5,R2,687,-2687.276858474876
Conv1D&SimpleRNN&LSTM&GRU,6,MAE,625,0.2718879300164633
Conv1D&SimpleRNN&LSTM&GRU,6,MSE,625,0.08361002000824105
Conv1D&SimpleRNN&LSTM&GRU,6,R2,625,-1.8182747495861449
Conv1D&SimpleRNN&LSTM&GRU,7,MAE,1407,0.17028250041921178
Conv1D&SimpleRNN&LSTM&GRU,7,MSE,1407,0.045602151109317986
Conv1D&SimpleRNN&LSTM&GRU,7,R2,1407,-8.30384282982996
Conv1D&SimpleRNN&LSTM&GRU,8,MAE,1366,0.30904018742359496
Conv1D&SimpleRNN&LSTM&GRU,8,MSE,1366,0.1104903019792369
Conv1D&SimpleRNN&LSTM&GRU,8,R2,1366,-37.16804618839261
Conv1D&SimpleRNN&LSTM&GRU,9,MAE,1364,0.1916720559616689
Conv1D&SimpleRNN&LSTM&GRU,9,MSE,1364,0.04807600300892197
Conv1D&SimpleRNN&LSTM&GRU,9,R2,1364,-0.09664938021727587
Conv1D&SimpleRNN&LSTM&GRU,10,MAE,1411,0.21063146410044203
Conv1D&SimpleRNN&LSTM&GRU,10,MSE,1411,0.046801053632336706
Conv1D&SimpleRNN&LSTM&GRU,10,R2,1411,-7.2977663894797455
Conv1D&SimpleRNN&LSTM&GRU,11,MAE,1352,0.35480770177933896
Conv1D&SimpleRNN&LSTM&GRU,11,MSE,1352,0.13251257501482727
Conv1D&SimpleRNN&LSTM&GRU,11,R2,1352,-226316.9975311743
Conv1D&SimpleRNN&LSTM&GRU,12,MAE,1387,0.23894259403169515
Conv1D&SimpleRNN&LSTM&GRU,12,MSE,1387,0.07257454823724624
Conv1D&SimpleRNN&LSTM&GRU,12,R2,1387,-1.175518465880268
Conv1D&SimpleRNN&LSTM&GRU,13,MAE,1398,0.2131748334582847
Conv1D&SimpleRNN&LSTM&GRU,13,MSE,1398,0.06035296272012092
Conv1D&SimpleRNN&LSTM&GRU,13,R2,1398,-0.1955220154760403
Conv1D&SimpleRNN&LSTM&GRU,14,MAE,1379,0.26862527237676465
Conv1D&SimpleRNN&LSTM&GRU,14,MSE,1379,0.08827249429808752
Conv1D&SimpleRNN&LSTM&GRU,14,R2,1379,-0.3507414615448845
Conv1D&SimpleRNN&LSTM&GRU,15,MAE,1364,0.31323833103887694
Conv1D&SimpleRNN&LSTM&GRU,15,MSE,1364,0.10451236283461351
Conv1D&SimpleRNN&LSTM&GRU,15,R2,1364,-72657.58259771048
Conv1D&SimpleRNN&LSTM&GRU,16,MAE,1379,0.18309544056110638
Conv1D&SimpleRNN&LSTM&GRU,16,MSE,1379,0.05858799185866214
Conv1D&SimpleRNN&LSTM&GRU,16,R2,1379,-0.7894461250086401
Conv1D&SimpleRNN&LSTM&GRU,17,MAE,1381,0.21673324717819942
Conv1D&SimpleRNN&LSTM&GRU,17,MSE,1381,0.059199726375876345
Conv1D&SimpleRNN&LSTM&GRU,17,R2,1381,-1.5049219789111903
Conv1D&SimpleRNN&LSTM&GRU,18,MAE,756,0.3094396094360835
Conv1D&SimpleRNN&LSTM&GRU,18,MSE,756,0.09779122081517361
Conv1D&SimpleRNN&LSTM&GRU,18,R2,756,-937622.6821253957
Conv1D&SimpleRNN&LSTM&GRU,19,MAE,395,0.2077438060424155
Conv1D&SimpleRNN&LSTM&GRU,19,MSE,395,0.05928653818104879
Conv1D&SimpleRNN&LSTM&GRU,19,R2,395,-0.20374636782722388
Conv1D&SimpleRNN&LSTM&GRU,20,MAE,1379,0.37743049090731395
Conv1D&SimpleRNN&LSTM&GRU,20,MSE,1379,0.15519266208459415
Conv1D&SimpleRNN&LSTM&GRU,20,R2,1379,-9.855377860448055
Conv1D&SimpleRNN&LSTM&GRU,21,MAE,1358,0.26238806823825656
Conv1D&SimpleRNN&LSTM&GRU,21,MSE,1358,0.07683901734454321
Conv1D&SimpleRNN&LSTM&GRU,21,R2,1358,-1.3927704825441436
Conv1D&SimpleRNN&LSTM&GRU,22,MAE,571,0.20757648358153188
Conv1D&SimpleRNN&LSTM&GRU,22,MSE,571,0.0654610355495997
Conv1D&SimpleRNN&LSTM&GRU,22,R2,571,-8.872972569202412
Conv1D&SimpleRNN&LSTM&GRU,23,MAE,1361,0.33043735622228393
Conv1D&SimpleRNN&LSTM&GRU,23,MSE,1361,0.12985821849257545
Conv1D&SimpleRNN&LSTM&GRU,23,R2,1361,-6.84350050211916
Conv1d+LSTM+GRU,1,MAE,691,0.7891287405364289
Conv1d+LSTM+GRU,1,MSE,691,0.6961105880387876
Conv1d+LSTM+GRU,1,R2,691,-948.3720834585604
Conv1d+LSTM+GRU,2,MAE,689,0.23299633688055163
Conv1d+LSTM+GRU,2,MSE,689,0.09159995659498482
Conv1d+LSTM+GRU,2,R2,689,-1.6095715132788793
Conv1d+LSTM+GRU,3,MAE,1396,0.23664513971992632
Conv1d+LSTM+GRU,3,MSE,1396,0.0768721341007267
Conv1d+LSTM+GRU,3,R2,1396,-0.3874219757848181
Conv1d+LSTM+GRU,4,MAE,1373,0.22097427193137165
Conv1d+LSTM+GRU,4,MSE,1373,0.05810236068107348
Conv1d+LSTM+GRU,4,R2,1373,-0.9204667329262476
Conv1d+LSTM+GRU,5,MAE,687,0.37502867425780345
Conv1d+LSTM+GRU,5,MSE,687,0.14793517655885605
Conv1d+LSTM+GRU,5,R2,687,-2421.9258582733187
Conv1d+LSTM+GRU,6,MAE,625,0.26166702901199
Conv1d+LSTM+GRU,6,MSE,625,0.07783721236347713
Conv1d+LSTM+GRU,6,R2,625,-1.623080055273787
Conv1d+LSTM+GRU,7,MAE,1407,0.14848955201906536
Conv1d+LSTM+GRU,7,MSE,1407,0.03893014777228816
Conv1d+LSTM+GRU,7,R2,1407,-6.887590083155197
Conv1d+LSTM+GRU,8,MAE,1366,0.33852056302474187
Conv1d+LSTM+GRU,8,MSE,1366,0.12090472427395611
Conv1d+LSTM+GRU,8,R2,1366,-45.95430385717539
Conv1d+LSTM+GRU,9,MAE,1364,0.16314784105654637
Conv1d+LSTM+GRU,9,MSE,1364,0.047460682669086984
Conv1d+LSTM+GRU,9,R2,1364,-0.08940285920928015
Conv1d+LSTM+GRU,10,MAE,1411,0.2603985065344292
Conv1d+LSTM+GRU,10,MSE,1411,0.07188947813721895
Conv1d+LSTM+GRU,10,R2,1411,-9.777710233033641
Conv1d+LSTM+GRU,11,MAE,1352,0.31629483842829387
Conv1d+LSTM+GRU,11,MSE,1352,0.10192098099630284
Conv1d+LSTM+GRU,11,R2,1352,-153443.64527087807
Conv1d+LSTM+GRU,12,MAE,1387,0.2553030378936145
Conv1d+LSTM+GRU,12,MSE,1387,0.08078345874357451
Conv1d+LSTM+GRU,12,R2,1387,-1.4258998824798679
Conv1d+LSTM+GRU,13,MAE,1398,0.2087865500956007
Conv1d+LSTM+GRU,13,MSE,1398,0.05877798289168715
Conv1d+LSTM+GRU,13,R2,1398,-0.1674000509845135
Conv1d+LSTM+GRU,14,MAE,1379,0.25461874879606794
Conv1d+LSTM+GRU,14,MSE,1379,0.07523769080938719
Conv1d+LSTM+GRU,14,R2,1379,-0.20116530053440485
Conv1d+LSTM+GRU,15,MAE,1364,0.30685034607428474
Conv1d+LSTM+GRU,15,MSE,1364,0.09730797742036276
Conv1d+LSTM+GRU,15,R2,1364,-62066.13280403077
Conv1d+LSTM+GRU,16,MAE,1379,0.16593320039139714
Conv1d+LSTM+GRU,16,MSE,1379,0.044593167905272166
Conv1d+LSTM+GRU,16,R2,1379,-0.5503925968401484
Conv1d+LSTM+GRU,17,MAE,1381,0.2017184735057452
Conv1d+LSTM+GRU,17,MSE,1381,0.056971838549901926
Conv1d+LSTM+GRU,17,R2,1381,-1.3753722656614717
Conv1d+LSTM+GRU,18,MAE,756,0.3073535210593824
Conv1d+LSTM+GRU,18,MSE,756,0.09652982683202893
Conv1d+LSTM+GRU,18,R2,756,-923458.594436645
Conv1d+LSTM+GRU,19,MAE,395,0.21099746391349816
Conv1d+LSTM+GRU,19,MSE,395,0.06095572347098235
Conv1d+LSTM+GRU,19,R2,395,-0.25368899237897546
Conv1d+LSTM+GRU,20,MAE,1379,0.3803728101616394
Conv1d+LSTM+GRU,20,MSE,1379,0.15298668823868716
Conv1d+LSTM+GRU,20,R2,1379,-10.289523506099037
Conv1d+LSTM+GRU,21,MAE,1358,0.2777781645529156
Conv1d+LSTM+GRU,21,MSE,1358,0.08454118141477772
Conv1d+LSTM+GRU,21,R2,1358,-1.4110605499037052
Conv1d+LSTM+GRU,22,MAE,571,0.21017176665348744
Conv1d+LSTM+GRU,22,MSE,571,0.06734106309828482
Conv1d+LSTM+GRU,22,R2,571,-9.132082028157631
Conv1d+LSTM+GRU,23,MAE,1361,0.3259055547952667
Conv1d+LSTM+GRU,23,MSE,1361,0.123250949538484
Conv1d+LSTM+GRU,23,R2,1361,-6.486844751685247
tanh_Conv1D+RNN+LSTM+GRU,1,MAE,691,0.3559709936495432
tanh_Conv1D+RNN+LSTM+GRU,1,MSE,691,0.13067365180411833
tanh_Conv1D+RNN+LSTM+GRU,1,R2,691,-210.89624756456524
tanh_Conv1D+RNN+LSTM+GRU,2,MAE,689,0.2049292747044583
tanh_Conv1D+RNN+LSTM+GRU,2,MSE,689,0.05397866927540264
tanh_Conv1D+RNN+LSTM+GRU,2,R2,689,-0.30994049862822703
tanh_Conv1D+RNN+LSTM+GRU,3,MAE,1396,0.2344400650744849
tanh_Conv1D+RNN+LSTM+GRU,3,MSE,1396,0.0713565837333563
tanh_Conv1D+RNN+LSTM+GRU,3,R2,1396,-0.28038648039228253
tanh_Conv1D+RNN+LSTM+GRU,4,MAE,1373,0.1971480886736693
tanh_Conv1D+RNN+LSTM+GRU,4,MSE,1373,0.04566602540938228
tanh_Conv1D+RNN+LSTM+GRU,4,R2,1373,-0.5085781371573087
tanh_Conv1D+RNN+LSTM+GRU,5,MAE,687,0.383542827924522
tanh_Conv1D+RNN+LSTM+GRU,5,MSE,687,0.15425534800686064
tanh_Conv1D+RNN+LSTM+GRU,5,R2,687,-2601.2797196658503
tanh_Conv1D+RNN+LSTM+GRU,6,MAE,625,0.27119582614725046
tanh_Conv1D+RNN+LSTM+GRU,6,MSE,625,0.0833358345870632
tanh_Conv1D+RNN+LSTM+GRU,6,R2,625,-1.8097380199617619
tanh_Conv1D+RNN+LSTM+GRU,7,MAE,1407,0.14486831349419996
tanh_Conv1D+RNN+LSTM+GRU,7,MSE,1407,0.034447685339877444
tanh_Conv1D+RNN+LSTM+GRU,7,R2,1407,-6.025224136916328
tanh_Conv1D+RNN+LSTM+GRU,8,MAE,1366,0.3334350315716539
tanh_Conv1D+RNN+LSTM+GRU,8,MSE,1366,0.11727000057101172
tanh_Conv1D+RNN+LSTM+GRU,8,R2,1366,-44.60661400535913
tanh_Conv1D+RNN+LSTM+GRU,9,MAE,1364,0.17301828446434253
tanh_Conv1D+RNN+LSTM+GRU,9,MSE,1364,0.046843894138044614
tanh_Conv1D+RNN+LSTM+GRU,9,R2,1364,-0.03828088415884412
tanh_Conv1D+RNN+LSTM+GRU,10,MAE,1411,0.26275561390534397
tanh_Conv1D+RNN+LSTM+GRU,10,MSE,1411,0.07244445101074179
tanh_Conv1D+RNN+LSTM+GRU,10,R2,1411,-10.498558909577516
tanh_Conv1D+RNN+LSTM+GRU,11,MAE,1352,0.3261040178912712
tanh_Conv1D+RNN+LSTM+GRU,11,MSE,1352,0.10894090851815438
tanh_Conv1D+RNN+LSTM+GRU,11,R2,1352,-168776.8844782652
tanh_Conv1D+RNN+LSTM+GRU,12,MAE,1387,0.25290649103691026
tanh_Conv1D+RNN+LSTM+GRU,12,MSE,1387,0.0797072202401388
tanh_Conv1D+RNN+LSTM+GRU,12,R2,1387,-1.3922648976801475
tanh_Conv1D+RNN+LSTM+GRU,13,MAE,1398,0.2117244775489054
tanh_Conv1D+RNN+LSTM+GRU,13,MSE,1398,0.059972344824626
tanh_Conv1D+RNN+LSTM+GRU,13,R2,1398,-0.19126486190623126
tanh_Conv1D+RNN+LSTM+GRU,14,MAE,1379,0.25664731144835884
tanh_Conv1D+RNN+LSTM+GRU,14,MSE,1379,0.07670097276010507
tanh_Conv1D+RNN+LSTM+GRU,14,R2,1379,-0.21692074331881073
tanh_Conv1D+RNN+LSTM+GRU,15,MAE,1364,0.2991985165666782
tanh_Conv1D+RNN+LSTM+GRU,15,MSE,1364,0.09338687063050378
tanh_Conv1D+RNN+LSTM+GRU,15,R2,1364,-61463.23834449326
tanh_Conv1D+RNN+LSTM+GRU,16,MAE,1379,0.15416855122854017
tanh_Conv1D+RNN+LSTM+GRU,16,MSE,1379,0.04236058621741921
tanh_Conv1D+RNN+LSTM+GRU,16,R2,1379,-0.4241076868653818
tanh_Conv1D+RNN+LSTM+GRU,17,MAE,1381,0.20885679704351423
tanh_Conv1D+RNN+LSTM+GRU,17,MSE,1381,0.05848663188610982
tanh_Conv1D+RNN+LSTM+GRU,17,R2,1381,-1.4747943056598412
tanh_Conv1D+RNN+LSTM+GRU,18,MAE,756,0.2984165640811915
tanh_Conv1D+RNN+LSTM+GRU,18,MSE,756,0.09114005871094703
tanh_Conv1D+RNN+LSTM+GRU,18,R2,756,-866451.3981933151
tanh_Conv1D+RNN+LSTM+GRU,19,MAE,395,0.21179411127549086
tanh_Conv1D+RNN+LSTM+GRU,19,MSE,395,0.06144885608009479
tanh_Conv1D+RNN+LSTM+GRU,19,R2,395,-0.26788062641934873
tanh_Conv1D+RNN+LSTM+GRU,20,MAE,1379,0.3904731155446146
tanh_Conv1D+RNN+LSTM+GRU,20,MSE,1379,0.1634519116165198
tanh_Conv1D+RNN+LSTM+GRU,20,R2,1379,-10.772383679174938
tanh_Conv1D+RNN+LSTM+GRU,21,MAE,1358,0.2799914572051785
tanh_Conv1D+RNN+LSTM+GRU,21,MSE,1358,0.0854432518761183
tanh_Conv1D+RNN+LSTM+GRU,21,R2,1358,-1.4979951343345
tanh_Conv1D+RNN+LSTM+GRU,22,MAE,571,0.21030275480198707
tanh_Conv1D+RNN+LSTM+GRU,22,MSE,571,0.06751538240089229
tanh_Conv1D+RNN+LSTM+GRU,22,R2,571,-9.181928510808623
tanh_Conv1D+RNN+LSTM+GRU,23,MAE,1361,0.3490890552010549
tanh_Conv1D+RNN+LSTM+GRU,23,MSE,1361,0.1407446554609872
tanh_Conv1D+RNN+LSTM+GRU,23,R2,1361,-7.549625037086935
